time,voltage
0.0,0.0
0.004,0.0
0.008,0.0
0.012,0.0
0.016,0.0
0.02,0.0
0.024,0.0
0.028,0.0
0.032,0.0
0.036,0.0
0.04,0.0
0.044,0.0
0.048,0.0
0.052,0.0
0.056,0.0
0.06,0.0
0.064,0.0
0.068,0.0
0.072,0.0
0.076,0.0
0.08,0.0
0.084,0.0
0.088,0.0
0.092,0.0
0.096,0.0
0.1,0.0
0.104,0.0
0.108,0.0
0.112,0.0
0.116,0.0
0.12,0.0
0.124,0.0
0.128,0.0
0.132,0.0
0.136,0.0
0.14,0.0
0.144,0.0
0.148,0.0
0.152,0.0
0.156,0.0
0.16,0.0
0.164,0.0
0.168,0.0
0.172,0.0
0.176,0.0
0.18,0.0
0.184,0.0
0.188,0.0
0.192,0.0
0.196,0.0
0.2,0.0
0.204,0.0
0.208,0.0
0.212,0.0
0.216,0.0
0.22,0.0
0.224,0.0
0.228,0.0
0.232,0.0
0.236,0.0
0.24,0.0
0.244,0.0
0.248,0.0
0.252,0.0
0.256,0.0
0.26,0.0
0.264,0.0
0.268,0.0
0.272,0.0
0.276,0.0
0.28,0.0
0.284,0.0
0.288,0.0
0.292,0.0
0.296,0.0
0.3,0.0
0.304,0.0
0.308,0.0
0.312,0.0
0.316,0.0
0.32,0.0
0.324,0.0
0.328,0.0
0.332,0.0
0.336,0.0
0.34,0.0
0.344,0.0
0.348,0.0
0.352,0.0
0.356,0.0
0.36,0.0
0.364,0.0
0.368,0.0
0.372,0.0
0.376,0.0
0.38,0.0
0.384,0.0
0.388,0.0
0.392,0.0
0.396,0.0
0.4,0.0
0.404,0.0
0.408,0.0
0.412,0.0
0.416,0.0
0.42,0.0
0.424,0.0
0.428,0.0
0.432,0.0
0.436,0.0
0.44,0.0
0.444,0.0
0.448,0.0
0.452,0.0
0.456,0.0
0.46,0.0
0.464,0.0
0.468,0.0
0.472,0.0
0.476,0.0
0.48,0.0
0.484,0.0
0.488,0.0
0.492,0.0
0.496,0.0
0.5,0.0
0.504,0.0
0.508,0.0
0.512,0.0
0.516,0.0
0.52,0.0
0.524,0.0
0.528,0.0
0.532,0.0
0.536,0.0
0.54,0.0
0.544,0.0
0.548,0.0
0.552,0.0
0.556,0.0
0.56,0.0
0.564,0.0
0.568,0.0
0.572,0.0
0.576,0.0
0.58,0.0
0.584,0.0
0.588,0.0
0.592,0.0
0.596,0.0
0.6,0.0
0.604,0.0
0.608,0.0
0.612,0.0
0.616,0.0
0.62,0.0
0.624,0.0
0.628,0.0
0.632,0.0
0.636,0.0
0.64,0.0
0.644,0.0
0.648,0.0
0.652,0.0
0.656,0.0
0.66,0.0
0.664,0.0
0.668,0.0
0.672,0.0
0.676,0.0
0.68,0.0
0.684,0.0
0.688,0.0
0.692,0.0
0.696,0.0
0.7,0.0
0.704,0.0
0.708,0.0
0.712,0.0
0.716,0.0
0.72,0.0
0.724,0.0
0.728,0.0
0.732,0.0
0.736,0.0
0.74,0.0
0.744,0.0
0.748,0.0
0.752,0.0
0.756,0.0
0.76,0.0
0.764,0.0
0.768,0.0
0.772,0.0
0.776,0.0
0.78,0.0
0.784,0.0
0.788,0.0
0.792,0.0
0.796,0.0
0.8,0.0
0.804,0.0
0.808,0.0
0.812,0.0
0.816,0.0
0.82,0.0
0.824,0.0
0.828,0.0
0.832,0.0
0.836,0.0
0.84,0.0
0.844,0.0
0.848,0.0
0.852,0.0
0.856,0.0
0.86,0.0
0.864,0.0
0.868,0.0
0.872,0.0
0.876,0.0
0.88,0.0
0.884,0.0
0.888,0.0
0.892,0.0
0.896,0.0
0.9,0.0
0.904,0.0
0.908,0.0
0.912,0.0
0.916,0.0
0.92,0.0
0.924,0.0
0.928,0.0
0.932,0.0
0.936,0.0
0.94,0.0
0.944,0.0
0.948,0.0
0.952,0.0
0.956,0.0
0.96,0.0
0.964,0.0
0.968,0.0
0.972,0.0
0.976,0.0
0.98,0.0
0.984,0.0
0.988,0.0
0.992,0.0
0.996,0.0
1.0,0.0
1.004,0.0
1.008,0.0
1.012,0.0
1.016,0.0
1.02,0.0
1.024,0.0
1.028,0.0
1.032,0.0
1.036,0.0
1.04,0.0
1.044,0.0
1.048,0.0
1.052,0.0
1.056,0.0
1.06,0.0
1.064,0.0
1.068,0.0
1.072,0.0
1.076,0.0
1.08,0.0
1.084,0.0
1.088,0.0
1.092,0.0
1.096,0.0
1.1,0.0
1.104,0.0
1.108,0.0
1.112,0.0
1.116,0.0
1.12,0.0
1.124,0.0
1.128,0.0
1.132,0.0
1.136,0.0
1.14,0.0
1.144,0.0
1.148,0.0
1.152,0.0
1.156,0.0
1.16,0.0
1.164,0.0
1.168,0.0
1.172,0.0
1.176,0.0
1.18,0.0
1.184,0.0
1.188,0.0
1.192,0.0
1.196,0.0
1.2,0.0
1.204,0.0
1.208,0.0
1.212,0.0
1.216,0.0
1.22,0.0
1.224,0.0
1.228,0.0
1.232,0.0
1.236,0.0
1.24,0.0
1.244,0.0
1.248,0.0
1.252,0.0
1.256,0.0
1.26,0.0
1.264,0.0
1.268,0.0
1.272,0.0
1.276,0.0
1.28,0.0
1.284,0.0
1.288,0.0
1.292,0.0
1.296,0.0
1.3,0.0
1.304,0.0
1.308,0.0
1.312,0.0
1.316,0.0
1.32,0.0
1.324,0.0
1.328,0.0
1.332,0.0
1.336,0.0
1.34,0.0
1.344,0.0
1.348,0.0
1.352,0.0
1.356,0.0
1.36,0.0
1.364,0.0
1.368,0.0
1.372,0.0
1.376,0.0
1.38,0.0
1.384,0.0
1.388,0.0
1.392,0.0
1.396,0.0
1.4,0.0
1.404,0.0
1.408,0.0
1.412,0.0
1.416,0.0
1.42,0.0
1.424,0.0
1.428,0.0
1.432,0.0
1.436,0.0
1.44,0.0
1.444,0.0
1.448,0.0
1.452,0.0
1.456,0.0
1.46,0.0
1.464,0.0
1.468,0.0
1.472,0.0
1.476,0.0
1.48,0.0
1.484,0.0
1.488,0.0
1.492,0.0
1.496,0.0
1.5,0.0
1.504,0.0
1.508,0.0
1.512,0.0
1.516,0.0
1.52,0.0
1.524,0.0
1.528,0.0
1.532,0.0
1.536,0.0
1.54,0.0
1.544,0.0
1.548,0.0
1.552,0.0
1.556,0.0
1.56,0.0
1.564,0.0
1.568,0.0
1.572,0.0
1.576,0.0
1.58,0.0
1.584,0.0
1.588,0.0
1.592,0.0
1.596,0.0
1.6,0.0
1.604,0.0
1.608,0.0
1.612,0.0
1.616,0.0
1.62,0.0
1.624,0.0
1.628,0.0
1.632,0.0
1.636,0.0
1.64,0.0
1.644,0.0
1.648,0.0
1.652,0.0
1.656,0.0
1.66,0.0
1.664,0.0
1.668,0.0
1.672,0.0
1.676,0.0
1.68,0.0
1.684,0.0
1.688,0.0
1.692,0.0
1.696,0.0
1.7,0.0
1.704,0.0
1.708,0.0
1.712,0.0
1.716,0.0
1.72,0.0
1.724,0.0
1.728,0.0
1.732,0.0
1.736,0.0
1.74,0.0
1.744,0.0
1.748,0.0
1.752,0.0
1.756,0.0
1.76,0.0
1.764,0.0
1.768,0.0
1.772,0.0
1.776,0.0
1.78,0.0
1.784,0.0
1.788,0.0
1.792,0.0
1.796,0.0
1.8,0.0
1.804,0.0
1.808,0.0
1.812,0.0
1.816,0.0
1.82,0.0
1.824,0.0
1.828,0.0
1.832,0.0
1.836,0.0
1.84,0.0
1.844,0.0
1.848,0.0
1.852,0.0
1.856,0.0
1.86,0.0
1.864,0.0
1.868,0.0
1.872,0.0
1.876,0.0
1.88,0.0
1.884,0.0
1.888,0.0
1.892,0.0
1.896,0.0
1.9,0.0
1.904,0.0
1.908,0.0
1.912,0.0
1.916,0.0
1.92,0.0
1.924,0.0
1.928,0.0
1.932,0.0
1.936,0.0
1.94,0.0
1.944,0.0
1.948,0.0
1.952,0.0
1.956,0.0
1.96,0.0
1.964,0.0
1.968,0.0
1.972,0.0
1.976,0.0
1.98,0.0
1.984,0.0
1.988,0.0
1.992,0.0
1.996,0.0
2.0,0.0
2.004,2.0
2.008,2.0
2.012,2.0
2.016,2.0
2.02,2.0
2.024,2.0
2.028,2.0
2.032,2.0
2.036,2.0
2.04,2.0
2.044,2.0
2.048,2.0
2.052,2.0
2.056,2.0
2.06,2.0
2.064,2.0
2.068,2.0
2.072,2.0
2.076,2.0
2.08,2.0
2.084,2.0
2.088,2.0
2.092,2.0
2.096,2.0
2.1,2.0
2.104,2.0
2.108,2.0
2.112,2.0
2.116,2.0
2.12,2.0
2.124,2.0
2.128,2.0
2.132,2.0
2.136,2.0
2.14,2.0
2.144,2.0
2.148,2.0
2.152,2.0
2.156,2.0
2.16,2.0
2.164,2.0
2.168,2.0
2.172,2.0
2.176,2.0
2.18,2.0
2.184,2.0
2.188,2.0
2.192,2.0
2.196,2.0
2.2,2.0
2.204,2.0
2.208,2.0
2.212,2.0
2.216,2.0
2.22,2.0
2.224,2.0
2.228,2.0
2.232,2.0
2.236,2.0
2.24,2.0
2.244,2.0
2.248,2.0
2.252,2.0
2.256,2.0
2.26,2.0
2.264,2.0
2.268,2.0
2.272,2.0
2.276,2.0
2.28,2.0
2.284,2.0
2.288,2.0
2.292,2.0
2.296,2.0
2.3,2.0
2.304,2.0
2.308,2.0
2.312,2.0
2.316,2.0
2.32,2.0
2.324,2.0
2.328,2.0
2.332,2.0
2.336,2.0
2.34,2.0
2.344,2.0
2.348,2.0
2.352,2.0
2.356,2.0
2.36,2.0
2.364,2.0
2.368,2.0
2.372,2.0
2.376,2.0
2.38,2.0
2.384,2.0
2.388,2.0
2.392,2.0
2.396,2.0
2.4,2.0
2.404,2.0
2.408,2.0
2.412,2.0
2.416,2.0
2.42,2.0
2.424,2.0
2.428,2.0
2.432,2.0
2.436,2.0
2.44,2.0
2.444,2.0
2.448,2.0
2.452,2.0
2.456,2.0
2.46,2.0
2.464,2.0
2.468,2.0
2.472,2.0
2.476,2.0
2.48,2.0
2.484,2.0
2.488,2.0
2.492,2.0
2.496,2.0
2.5,2.0
2.504,2.0
2.508,2.0
2.512,2.0
2.516,2.0
2.52,2.0
2.524,2.0
2.528,2.0
2.532,2.0
2.536,2.0
2.54,2.0
2.544,2.0
2.548,2.0
2.552,2.0
2.556,2.0
2.56,2.0
2.564,2.0
2.568,2.0
2.572,2.0
2.576,2.0
2.58,2.0
2.584,2.0
2.588,2.0
2.592,2.0
2.596,2.0
2.6,2.0
2.604,2.0
2.608,2.0
2.612,2.0
2.616,2.0
2.62,2.0
2.624,2.0
2.628,2.0
2.632,2.0
2.636,2.0
2.64,2.0
2.644,2.0
2.648,2.0
2.652,2.0
2.656,2.0
2.66,2.0
2.664,2.0
2.668,2.0
2.672,2.0
2.676,2.0
2.68,2.0
2.684,2.0
2.688,2.0
2.692,2.0
2.696,2.0
2.7,2.0
2.704,2.0
2.708,2.0
2.712,2.0
2.716,2.0
2.72,2.0
2.724,2.0
2.728,2.0
2.732,2.0
2.736,2.0
2.74,2.0
2.744,2.0
2.748,2.0
2.752,2.0
2.756,2.0
2.76,2.0
2.764,2.0
2.768,2.0
2.772,2.0
2.776,2.0
2.78,2.0
2.784,2.0
2.788,2.0
2.792,2.0
2.796,2.0
2.8,2.0
2.804,2.0
2.808,2.0
2.812,2.0
2.816,2.0
2.82,2.0
2.824,2.0
2.828,2.0
2.832,2.0
2.836,2.0
2.84,2.0
2.844,2.0
2.848,2.0
2.852,2.0
2.856,2.0
2.86,2.0
2.864,2.0
2.868,2.0
2.872,2.0
2.876,2.0
2.88,2.0
2.884,2.0
2.888,2.0
2.892,2.0
2.896,2.0
2.9,2.0
2.904,2.0
2.908,2.0
2.912,2.0
2.916,2.0
2.92,2.0
2.924,2.0
2.928,2.0
2.932,2.0
2.936,2.0
2.94,2.0
2.944,2.0
2.948,2.0
2.952,2.0
2.956,2.0
2.96,2.0
2.964,2.0
2.968,2.0
2.972,2.0
2.976,2.0
2.98,2.0
2.984,2.0
2.988,2.0
2.992,2.0
2.996,2.0
3.0,2.0
3.004,2.0
3.008,2.0
3.012,2.0
3.016,2.0
3.02,2.0
3.024,2.0
3.028,2.0
3.032,2.0
3.036,2.0
3.04,2.0
3.044,2.0
3.048,2.0
3.052,2.0
3.056,2.0
3.06,2.0
3.064,2.0
3.068,2.0
3.072,2.0
3.076,2.0
3.08,2.0
3.084,2.0
3.088,2.0
3.092,2.0
3.096,2.0
3.1,2.0
3.104,2.0
3.108,2.0
3.112,2.0
3.116,2.0
3.12,2.0
3.124,2.0
3.128,2.0
3.132,2.0
3.136,2.0
3.14,2.0
3.144,2.0
3.148,2.0
3.152,2.0
3.156,2.0
3.16,2.0
3.164,2.0
3.168,2.0
3.172,2.0
3.176,2.0
3.18,2.0
3.184,2.0
3.188,2.0
3.192,2.0
3.196,2.0
3.2,2.0
3.204,2.0
3.208,2.0
3.212,2.0
3.216,2.0
3.22,2.0
3.224,2.0
3.228,2.0
3.232,2.0
3.236,2.0
3.24,2.0
3.244,2.0
3.248,2.0
3.252,2.0
3.256,2.0
3.26,2.0
3.264,2.0
3.268,2.0
3.272,2.0
3.276,2.0
3.28,2.0
3.284,2.0
3.288,2.0
3.292,2.0
3.296,2.0
3.3,2.0
3.304,2.0
3.308,2.0
3.312,2.0
3.316,2.0
3.32,2.0
3.324,2.0
3.328,2.0
3.332,2.0
3.336,2.0
3.34,2.0
3.344,2.0
3.348,2.0
3.352,2.0
3.356,2.0
3.36,2.0
3.364,2.0
3.368,2.0
3.372,2.0
3.376,2.0
3.38,2.0
3.384,2.0
3.388,2.0
3.392,2.0
3.396,2.0
3.4,2.0
3.404,2.0
3.408,2.0
3.412,2.0
3.416,2.0
3.42,2.0
3.424,2.0
3.428,2.0
3.432,2.0
3.436,2.0
3.44,2.0
3.444,2.0
3.448,2.0
3.452,2.0
3.456,2.0
3.46,2.0
3.464,2.0
3.468,2.0
3.472,2.0
3.476,2.0
3.48,2.0
3.484,2.0
3.488,2.0
3.492,2.0
3.496,2.0
3.5,2.0
3.504,2.0
3.508,2.0
3.512,2.0
3.516,2.0
3.52,2.0
3.524,2.0
3.528,2.0
3.532,2.0
3.536,2.0
3.54,2.0
3.544,2.0
3.548,2.0
3.552,2.0
3.556,2.0
3.56,2.0
3.564,2.0
3.568,2.0
3.572,2.0
3.576,2.0
3.58,2.0
3.584,2.0
3.588,2.0
3.592,2.0
3.596,2.0
3.6,2.0
3.604,2.0
3.608,2.0
3.612,2.0
3.616,2.0
3.62,2.0
3.624,2.0
3.628,2.0
3.632,2.0
3.636,2.0
3.64,2.0
3.644,2.0
3.648,2.0
3.652,2.0
3.656,2.0
3.66,2.0
3.664,2.0
3.668,2.0
3.672,2.0
3.676,2.0
3.68,2.0
3.684,2.0
3.688,2.0
3.692,2.0
3.696,2.0
3.7,2.0
3.704,2.0
3.708,2.0
3.712,2.0
3.716,2.0
3.72,2.0
3.724,2.0
3.728,2.0
3.732,2.0
3.736,2.0
3.74,2.0
3.744,2.0
3.748,2.0
3.752,2.0
3.756,2.0
3.76,2.0
3.764,2.0
3.768,2.0
3.772,2.0
3.776,2.0
3.78,2.0
3.784,2.0
3.788,2.0
3.792,2.0
3.796,2.0
3.8,2.0
3.804,2.0
3.808,2.0
3.812,2.0
3.816,2.0
3.82,2.0
3.824,2.0
3.828,2.0
3.832,2.0
3.836,2.0
3.84,2.0
3.844,2.0
3.848,2.0
3.852,2.0
3.856,2.0
3.86,2.0
3.864,2.0
3.868,2.0
3.872,2.0
3.876,2.0
3.88,2.0
3.884,2.0
3.888,2.0
3.892,2.0
3.896,2.0
3.9,2.0
3.904,2.0
3.908,2.0
3.912,2.0
3.916,2.0
3.92,2.0
3.924,2.0
3.928,2.0
3.932,2.0
3.936,2.0
3.94,2.0
3.944,2.0
3.948,2.0
3.952,2.0
3.956,2.0
3.96,2.0
3.964,2.0
3.968,2.0
3.972,2.0
3.976,2.0
3.98,2.0
3.984,2.0
3.988,2.0
3.992,2.0
3.996,2.0
4.0,2.0
4.004,2.0
4.008,2.0
4.012,2.0
4.016,2.0
4.02,2.0
4.024,2.0
4.028,2.0
4.032,2.0
4.036,2.0
4.04,2.0
4.044,2.0
4.048,2.0
4.052,2.0
4.056,2.0
4.06,2.0
4.064,2.0
4.068,2.0
4.072,2.0
4.076,2.0
4.08,2.0
4.084,2.0
4.088,2.0
4.092,2.0
4.096,2.0
4.1,2.0
4.104,2.0
4.108,2.0
4.112,2.0
4.116,2.0
4.12,2.0
4.124,2.0
4.128,2.0
4.132,2.0
4.136,2.0
4.14,2.0
4.144,2.0
4.148,2.0
4.152,2.0
4.156,2.0
4.16,2.0
4.164,2.0
4.168,2.0
4.172,2.0
4.176,2.0
4.18,2.0
4.184,2.0
4.188,2.0
4.192,2.0
4.196,2.0
4.2,2.0
4.204,2.0
4.208,2.0
4.212,2.0
4.216,2.0
4.22,2.0
4.224,2.0
4.228,2.0
4.232,2.0
4.236,2.0
4.24,2.0
4.244,2.0
4.248,2.0
4.252,2.0
4.256,2.0
4.26,2.0
4.264,2.0
4.268,2.0
4.272,2.0
4.276,2.0
4.28,2.0
4.284,2.0
4.288,2.0
4.292,2.0
4.296,2.0
4.3,2.0
4.304,2.0
4.308,2.0
4.312,2.0
4.316,2.0
4.32,2.0
4.324,2.0
4.328,2.0
4.332,2.0
4.336,2.0
4.34,2.0
4.344,2.0
4.348,2.0
4.352,2.0
4.356,2.0
4.36,2.0
4.364,2.0
4.368,2.0
4.372,2.0
4.376,2.0
4.38,2.0
4.384,2.0
4.388,2.0
4.392,2.0
4.396,2.0
4.4,2.0
4.404,2.0
4.408,2.0
4.412,2.0
4.416,2.0
4.42,2.0
4.424,2.0
4.428,2.0
4.432,2.0
4.436,2.0
4.44,2.0
4.444,2.0
4.448,2.0
4.452,2.0
4.456,2.0
4.46,2.0
4.464,2.0
4.468,2.0
4.472,2.0
4.476,2.0
4.48,2.0
4.484,2.0
4.488,2.0
4.492,2.0
4.496,2.0
4.5,2.0
4.504,2.0
4.508,2.0
4.512,2.0
4.516,2.0
4.52,2.0
4.524,2.0
4.528,2.0
4.532,2.0
4.536,2.0
4.54,2.0
4.544,2.0
4.548,2.0
4.552,2.0
4.556,2.0
4.56,2.0
4.564,2.0
4.568,2.0
4.572,2.0
4.576,2.0
4.58,2.0
4.584,2.0
4.588,2.0
4.592,2.0
4.596,2.0
4.6,2.0
4.604,2.0
4.608,2.0
4.612,2.0
4.616,2.0
4.62,2.0
4.624,2.0
4.628,2.0
4.632,2.0
4.636,2.0
4.64,2.0
4.644,2.0
4.648,2.0
4.652,2.0
4.656,2.0
4.66,2.0
4.664,2.0
4.668,2.0
4.672,2.0
4.676,2.0
4.68,2.0
4.684,2.0
4.688,2.0
4.692,2.0
4.696,2.0
4.7,2.0
4.704,2.0
4.708,2.0
4.712,2.0
4.716,2.0
4.72,2.0
4.724,2.0
4.728,2.0
4.732,2.0
4.736,2.0
4.74,2.0
4.744,2.0
4.748,2.0
4.752,2.0
4.756,2.0
4.76,2.0
4.764,2.0
4.768,2.0
4.772,2.0
4.776,2.0
4.78,2.0
4.784,2.0
4.788,2.0
4.792,2.0
4.796,2.0
4.8,2.0
4.804,2.0
4.808,2.0
4.812,2.0
4.816,2.0
4.82,2.0
4.824,2.0
4.828,2.0
4.832,2.0
4.836,2.0
4.84,2.0
4.844,2.0
4.848,2.0
4.852,2.0
4.856,2.0
4.86,2.0
4.864,2.0
4.868,2.0
4.872,2.0
4.876,2.0
4.88,2.0
4.884,2.0
4.888,2.0
4.892,2.0
4.896,2.0
4.9,2.0
4.904,2.0
4.908,2.0
4.912,2.0
4.916,2.0
4.92,2.0
4.924,2.0
4.928,2.0
4.932,2.0
4.936,2.0
4.94,2.0
4.944,2.0
4.948,2.0
4.952,2.0
4.956,2.0
4.96,2.0
4.964,2.0
4.968,2.0
4.972,2.0
4.976,2.0
4.98,2.0
4.984,2.0
4.988,2.0
4.992,2.0
4.996,2.0
5.0,2.0
5.004,2.0
5.008,2.0
5.012,2.0
5.016,2.0
5.02,2.0
5.024,2.0
5.028,2.0
5.032,2.0
5.036,2.0
5.04,2.0
5.044,2.0
5.048,2.0
5.052,2.0
5.056,2.0
5.06,2.0
5.064,2.0
5.068,2.0
5.072,2.0
5.076,2.0
5.08,2.0
5.084,2.0
5.088,2.0
5.092,2.0
5.096,2.0
5.1,2.0
5.104,2.0
5.108,2.0
5.112,2.0
5.116,2.0
5.12,2.0
5.124,2.0
5.128,2.0
5.132,2.0
5.136,2.0
5.14,2.0
5.144,2.0
5.148,2.0
5.152,2.0
5.156,2.0
5.16,2.0
5.164,2.0
5.168,2.0
5.172,2.0
5.176,2.0
5.18,2.0
5.184,2.0
5.188,2.0
5.192,2.0
5.196,2.0
5.2,2.0
5.204,2.0
5.208,2.0
5.212,2.0
5.216,2.0
5.22,2.0
5.224,2.0
5.228,2.0
5.232,2.0
5.236,2.0
5.24,2.0
5.244,2.0
5.248,2.0
5.252,2.0
5.256,2.0
5.26,2.0
5.264,2.0
5.268,2.0
5.272,2.0
5.276,2.0
5.28,2.0
5.284,2.0
5.288,2.0
5.292,2.0
5.296,2.0
5.3,2.0
5.304,2.0
5.308,2.0
5.312,2.0
5.316,2.0
5.32,2.0
5.324,2.0
5.328,2.0
5.332,2.0
5.336,2.0
5.34,2.0
5.344,2.0
5.348,2.0
5.352,2.0
5.356,2.0
5.36,2.0
5.364,2.0
5.368,2.0
5.372,2.0
5.376,2.0
5.38,2.0
5.384,2.0
5.388,2.0
5.392,2.0
5.396,2.0
5.4,2.0
5.404,2.0
5.408,2.0
5.412,2.0
5.416,2.0
5.42,2.0
5.424,2.0
5.428,2.0
5.432,2.0
5.436,2.0
5.44,2.0
5.444,2.0
5.448,2.0
5.452,2.0
5.456,2.0
5.46,2.0
5.464,2.0
5.468,2.0
5.472,2.0
5.476,2.0
5.48,2.0
5.484,2.0
5.488,2.0
5.492,2.0
5.496,2.0
5.5,2.0
5.504,2.0
5.508,2.0
5.512,2.0
5.516,2.0
5.52,2.0
5.524,2.0
5.528,2.0
5.532,2.0
5.536,2.0
5.54,2.0
5.544,2.0
5.548,2.0
5.552,2.0
5.556,2.0
5.56,2.0
5.564,2.0
5.568,2.0
5.572,2.0
5.576,2.0
5.58,2.0
5.584,2.0
5.588,2.0
5.592,2.0
5.596,2.0
5.6,2.0
5.604,2.0
5.608,2.0
5.612,2.0
5.616,2.0
5.62,2.0
5.624,2.0
5.628,2.0
5.632,2.0
5.636,2.0
5.64,2.0
5.644,2.0
5.648,2.0
5.652,2.0
5.656,2.0
5.66,2.0
5.664,2.0
5.668,2.0
5.672,2.0
5.676,2.0
5.68,2.0
5.684,2.0
5.688,2.0
5.692,2.0
5.696,2.0
5.7,2.0
5.704,2.0
5.708,2.0
5.712,2.0
5.716,2.0
5.72,2.0
5.724,2.0
5.728,2.0
5.732,2.0
5.736,2.0
5.74,2.0
5.744,2.0
5.748,2.0
5.752,2.0
5.756,2.0
5.76,2.0
5.764,2.0
5.768,2.0
5.772,2.0
5.776,2.0
5.78,2.0
5.784,2.0
5.788,2.0
5.792,2.0
5.796,2.0
5.8,2.0
5.804,2.0
5.808,2.0
5.812,2.0
5.816,2.0
5.82,2.0
5.824,2.0
5.828,2.0
5.832,2.0
5.836,2.0
5.84,2.0
5.844,2.0
5.848,2.0
5.852,2.0
5.856,2.0
5.86,2.0
5.864,2.0
5.868,2.0
5.872,2.0
5.876,2.0
5.88,2.0
5.884,2.0
5.888,2.0
5.892,2.0
5.896,2.0
5.9,2.0
5.904,2.0
5.908,2.0
5.912,2.0
5.916,2.0
5.92,2.0
5.924,2.0
5.928,2.0
5.932,2.0
5.936,2.0
5.94,2.0
5.944,2.0
5.948,2.0
5.952,2.0
5.956,2.0
5.96,2.0
5.964,2.0
5.968,2.0
5.972,2.0
5.976,2.0
5.98,2.0
5.984,2.0
5.988,2.0
5.992,2.0
5.996,2.0
6.0,2.0
6.004,2.0
6.008,2.0
6.012,2.0
6.016,2.0
6.02,2.0
6.024,2.0
6.028,2.0
6.032,2.0
6.036,2.0
6.04,2.0
6.044,2.0
6.048,2.0
6.052,2.0
6.056,2.0
6.06,2.0
6.064,2.0
6.068,2.0
6.072,2.0
6.076,2.0
6.08,2.0
6.084,2.0
6.088,2.0
6.092,2.0
6.096,2.0
6.1,2.0
6.104,2.0
6.108,2.0
6.112,2.0
6.116,2.0
6.12,2.0
6.124,2.0
6.128,2.0
6.132,2.0
6.136,2.0
6.14,2.0
6.144,2.0
6.148,2.0
6.152,2.0
6.156,2.0
6.16,2.0
6.164,2.0
6.168,2.0
6.172,2.0
6.176,2.0
6.18,2.0
6.184,2.0
6.188,2.0
6.192,2.0
6.196,2.0
6.2,2.0
6.204,2.0
6.208,2.0
6.212,2.0
6.216,2.0
6.22,2.0
6.224,2.0
6.228,2.0
6.232,2.0
6.236,2.0
6.24,2.0
6.244,2.0
6.248,2.0
6.252,2.0
6.256,2.0
6.26,2.0
6.264,2.0
6.268,2.0
6.272,2.0
6.276,2.0
6.28,2.0
6.284,2.0
6.288,2.0
6.292,2.0
6.296,2.0
6.3,2.0
6.304,2.0
6.308,2.0
6.312,2.0
6.316,2.0
6.32,2.0
6.324,2.0
6.328,2.0
6.332,2.0
6.336,2.0
6.34,2.0
6.344,2.0
6.348,2.0
6.352,2.0
6.356,2.0
6.36,2.0
6.364,2.0
6.368,2.0
6.372,2.0
6.376,2.0
6.38,2.0
6.384,2.0
6.388,2.0
6.392,2.0
6.396,2.0
6.4,2.0
6.404,2.0
6.408,2.0
6.412,2.0
6.416,2.0
6.42,2.0
6.424,2.0
6.428,2.0
6.432,2.0
6.436,2.0
6.44,2.0
6.444,2.0
6.448,2.0
6.452,2.0
6.456,2.0
6.46,2.0
6.464,2.0
6.468,2.0
6.472,2.0
6.476,2.0
6.48,2.0
6.484,2.0
6.488,2.0
6.492,2.0
6.496,2.0
6.5,2.0
6.504,2.0
6.508,2.0
6.512,2.0
6.516,2.0
6.52,2.0
6.524,2.0
6.528,2.0
6.532,2.0
6.536,2.0
6.54,2.0
6.544,2.0
6.548,2.0
6.552,2.0
6.556,2.0
6.56,2.0
6.564,2.0
6.568,2.0
6.572,2.0
6.576,2.0
6.58,2.0
6.584,2.0
6.588,2.0
6.592,2.0
6.596,2.0
6.6,2.0
6.604,2.0
6.608,2.0
6.612,2.0
6.616,2.0
6.62,2.0
6.624,2.0
6.628,2.0
6.632,2.0
6.636,2.0
6.64,2.0
6.644,2.0
6.648,2.0
6.652,2.0
6.656,2.0
6.66,2.0
6.664,2.0
6.668,2.0
6.672,2.0
6.676,2.0
6.68,2.0
6.684,2.0
6.688,2.0
6.692,2.0
6.696,2.0
6.7,2.0
6.704,2.0
6.708,2.0
6.712,2.0
6.716,2.0
6.72,2.0
6.724,2.0
6.728,2.0
6.732,2.0
6.736,2.0
6.74,2.0
6.744,2.0
6.748,2.0
6.752,2.0
6.756,2.0
6.76,2.0
6.764,2.0
6.768,2.0
6.772,2.0
6.776,2.0
6.78,2.0
6.784,2.0
6.788,2.0
6.792,2.0
6.796,2.0
6.8,2.0
6.804,2.0
6.808,2.0
6.812,2.0
6.816,2.0
6.82,2.0
6.824,2.0
6.828,2.0
6.832,2.0
6.836,2.0
6.84,2.0
6.844,2.0
6.848,2.0
6.852,2.0
6.856,2.0
6.86,2.0
6.864,2.0
6.868,2.0
6.872,2.0
6.876,2.0
6.88,2.0
6.884,2.0
6.888,2.0
6.892,2.0
6.896,2.0
6.9,2.0
6.904,2.0
6.908,2.0
6.912,2.0
6.916,2.0
6.92,2.0
6.924,2.0
6.928,2.0
6.932,2.0
6.936,2.0
6.94,2.0
6.944,2.0
6.948,2.0
6.952,2.0
6.956,2.0
6.96,2.0
6.964,2.0
6.968,2.0
6.972,2.0
6.976,2.0
6.98,2.0
6.984,2.0
6.988,2.0
6.992,2.0
6.996,2.0
7.0,2.0
7.004,2.0
7.008,2.0
7.012,2.0
7.016,2.0
7.02,2.0
7.024,2.0
7.028,2.0
7.032,2.0
7.036,2.0
7.04,2.0
7.044,2.0
7.048,2.0
7.052,2.0
7.056,2.0
7.06,2.0
7.064,2.0
7.068,2.0
7.072,2.0
7.076,2.0
7.08,2.0
7.084,2.0
7.088,2.0
7.092,2.0
7.096,2.0
7.1,2.0
7.104,2.0
7.108,2.0
7.112,2.0
7.116,2.0
7.12,2.0
7.124,2.0
7.128,2.0
7.132,2.0
7.136,2.0
7.14,2.0
7.144,2.0
7.148,2.0
7.152,2.0
7.156,2.0
7.16,2.0
7.164,2.0
7.168,2.0
7.172,2.0
7.176,2.0
7.18,2.0
7.184,2.0
7.188,2.0
7.192,2.0
7.196,2.0
7.2,2.0
7.204,2.0
7.208,2.0
7.212,2.0
7.216,2.0
7.22,2.0
7.224,2.0
7.228,2.0
7.232,2.0
7.236,2.0
7.24,2.0
7.244,2.0
7.248,2.0
7.252,2.0
7.256,2.0
7.26,2.0
7.264,2.0
7.268,2.0
7.272,2.0
7.276,2.0
7.28,2.0
7.284,2.0
7.288,2.0
7.292,2.0
7.296,2.0
7.3,2.0
7.304,2.0
7.308,2.0
7.312,2.0
7.316,2.0
7.32,2.0
7.324,2.0
7.328,2.0
7.332,2.0
7.336,2.0
7.34,2.0
7.344,2.0
7.348,2.0
7.352,2.0
7.356,2.0
7.36,2.0
7.364,2.0
7.368,2.0
7.372,2.0
7.376,2.0
7.38,2.0
7.384,2.0
7.388,2.0
7.392,2.0
7.396,2.0
7.4,2.0
7.404,2.0
7.408,2.0
7.412,2.0
7.416,2.0
7.42,2.0
7.424,2.0
7.428,2.0
7.432,2.0
7.436,2.0
7.44,2.0
7.444,2.0
7.448,2.0
7.452,2.0
7.456,2.0
7.46,2.0
7.464,2.0
7.468,2.0
7.472,2.0
7.476,2.0
7.48,2.0
7.484,2.0
7.488,2.0
7.492,2.0
7.496,2.0
7.5,2.0
7.504,2.0
7.508,2.0
7.512,2.0
7.516,2.0
7.52,2.0
7.524,2.0
7.528,2.0
7.532,2.0
7.536,2.0
7.54,2.0
7.544,2.0
7.548,2.0
7.552,2.0
7.556,2.0
7.56,2.0
7.564,2.0
7.568,2.0
7.572,2.0
7.576,2.0
7.58,2.0
7.584,2.0
7.588,2.0
7.592,2.0
7.596,2.0
7.6,2.0
7.604,2.0
7.608,2.0
7.612,2.0
7.616,2.0
7.62,2.0
7.624,2.0
7.628,2.0
7.632,2.0
7.636,2.0
7.64,2.0
7.644,2.0
7.648,2.0
7.652,2.0
7.656,2.0
7.66,2.0
7.664,2.0
7.668,2.0
7.672,2.0
7.676,2.0
7.68,2.0
7.684,2.0
7.688,2.0
7.692,2.0
7.696,2.0
7.7,2.0
7.704,2.0
7.708,2.0
7.712,2.0
7.716,2.0
7.72,2.0
7.724,2.0
7.728,2.0
7.732,2.0
7.736,2.0
7.74,2.0
7.744,2.0
7.748,2.0
7.752,2.0
7.756,2.0
7.76,2.0
7.764,2.0
7.768,2.0
7.772,2.0
7.776,2.0
7.78,2.0
7.784,2.0
7.788,2.0
7.792,2.0
7.796,2.0
7.8,2.0
7.804,2.0
7.808,2.0
7.812,2.0
7.816,2.0
7.82,2.0
7.824,2.0
7.828,2.0
7.832,2.0
7.836,2.0
7.84,2.0
7.844,2.0
7.848,2.0
7.852,2.0
7.856,2.0
7.86,2.0
7.864,2.0
7.868,2.0
7.872,2.0
7.876,2.0
7.88,2.0
7.884,2.0
7.888,2.0
7.892,2.0
7.896,2.0
7.9,2.0
7.904,2.0
7.908,2.0
7.912,2.0
7.916,2.0
7.92,2.0
7.924,2.0
7.928,2.0
7.932,2.0
7.936,2.0
7.94,2.0
7.944,2.0
7.948,2.0
7.952,2.0
7.956,2.0
7.96,2.0
7.964,2.0
7.968,2.0
7.972,2.0
7.976,2.0
7.98,2.0
7.984,2.0
7.988,2.0
7.992,2.0
7.996,2.0
8.0,2.0
8.004,2.0
8.008,2.0
8.012,2.0
8.016,2.0
8.02,2.0
8.024,2.0
8.028,2.0
8.032,2.0
8.036,2.0
8.04,2.0
8.044,2.0
8.048,2.0
8.052,2.0
8.056,2.0
8.06,2.0
8.064,2.0
8.068,2.0
8.072,2.0
8.076,2.0
8.08,2.0
8.084,2.0
8.088,2.0
8.092,2.0
8.096,2.0
8.1,2.0
8.104,2.0
8.108,2.0
8.112,2.0
8.116,2.0
8.12,2.0
8.124,2.0
8.128,2.0
8.132,2.0
8.136,2.0
8.14,2.0
8.144,2.0
8.148,2.0
8.152,2.0
8.156,2.0
8.16,2.0
8.164,2.0
8.168,2.0
8.172,2.0
8.176,2.0
8.18,2.0
8.184,2.0
8.188,2.0
8.192,2.0
8.196,2.0
8.2,2.0
8.204,2.0
8.208,2.0
8.212,2.0
8.216,2.0
8.22,2.0
8.224,2.0
8.228,2.0
8.232,2.0
8.236,2.0
8.24,2.0
8.244,2.0
8.248,2.0
8.252,2.0
8.256,2.0
8.26,2.0
8.264,2.0
8.268,2.0
8.272,2.0
8.276,2.0
8.28,2.0
8.284,2.0
8.288,2.0
8.292,2.0
8.296,2.0
8.3,2.0
8.304,2.0
8.308,2.0
8.312,2.0
8.316,2.0
8.32,2.0
8.324,2.0
8.328,2.0
8.332,2.0
8.336,2.0
8.34,2.0
8.344,2.0
8.348,2.0
8.352,2.0
8.356,2.0
8.36,2.0
8.364,2.0
8.368,2.0
8.372,2.0
8.376,2.0
8.38,2.0
8.384,2.0
8.388,2.0
8.392,2.0
8.396,2.0
8.4,2.0
8.404,2.0
8.408,2.0
8.412,2.0
8.416,2.0
8.42,2.0
8.424,2.0
8.428,2.0
8.432,2.0
8.436,2.0
8.44,2.0
8.444,2.0
8.448,2.0
8.452,2.0
8.456,2.0
8.46,2.0
8.464,2.0
8.468,2.0
8.472,2.0
8.476,2.0
8.48,2.0
8.484,2.0
8.488,2.0
8.492,2.0
8.496,2.0
8.5,2.0
8.504,2.0
8.508,2.0
8.512,2.0
8.516,2.0
8.52,2.0
8.524,2.0
8.528,2.0
8.532,2.0
8.536,2.0
8.54,2.0
8.544,2.0
8.548,2.0
8.552,2.0
8.556,2.0
8.56,2.0
8.564,2.0
8.568,2.0
8.572,2.0
8.576,2.0
8.58,2.0
8.584,2.0
8.588,2.0
8.592,2.0
8.596,2.0
8.6,2.0
8.604,2.0
8.608,2.0
8.612,2.0
8.616,2.0
8.62,2.0
8.624,2.0
8.628,2.0
8.632,2.0
8.636,2.0
8.64,2.0
8.644,2.0
8.648,2.0
8.652,2.0
8.656,2.0
8.66,2.0
8.664,2.0
8.668,2.0
8.672,2.0
8.676,2.0
8.68,2.0
8.684,2.0
8.688,2.0
8.692,2.0
8.696,2.0
8.7,2.0
8.704,2.0
8.708,2.0
8.712,2.0
8.716,2.0
8.72,2.0
8.724,2.0
8.728,2.0
8.732,2.0
8.736,2.0
8.74,2.0
8.744,2.0
8.748,2.0
8.752,2.0
8.756,2.0
8.76,2.0
8.764,2.0
8.768,2.0
8.772,2.0
8.776,2.0
8.78,2.0
8.784,2.0
8.788,2.0
8.792,2.0
8.796,2.0
8.8,2.0
8.804,2.0
8.808,2.0
8.812,2.0
8.816,2.0
8.82,2.0
8.824,2.0
8.828,2.0
8.832,2.0
8.836,2.0
8.84,2.0
8.844,2.0
8.848,2.0
8.852,2.0
8.856,2.0
8.86,2.0
8.864,2.0
8.868,2.0
8.872,2.0
8.876,2.0
8.88,2.0
8.884,2.0
8.888,2.0
8.892,2.0
8.896,2.0
8.9,2.0
8.904,2.0
8.908,2.0
8.912,2.0
8.916,2.0
8.92,2.0
8.924,2.0
8.928,2.0
8.932,2.0
8.936,2.0
8.94,2.0
8.944,2.0
8.948,2.0
8.952,2.0
8.956,2.0
8.96,2.0
8.964,2.0
8.968,2.0
8.972,2.0
8.976,2.0
8.98,2.0
8.984,2.0
8.988,2.0
8.992,2.0
8.996,2.0
9.0,2.0
9.004,2.0
9.008,2.0
9.012,2.0
9.016,2.0
9.02,2.0
9.024,2.0
9.028,2.0
9.032,2.0
9.036,2.0
9.04,2.0
9.044,2.0
9.048,2.0
9.052,2.0
9.056,2.0
9.06,2.0
9.064,2.0
9.068,2.0
9.072,2.0
9.076,2.0
9.08,2.0
9.084,2.0
9.088,2.0
9.092,2.0
9.096,2.0
9.1,2.0
9.104,2.0
9.108,2.0
9.112,2.0
9.116,2.0
9.12,2.0
9.124,2.0
9.128,2.0
9.132,2.0
9.136,2.0
9.14,2.0
9.144,2.0
9.148,2.0
9.152,2.0
9.156,2.0
9.16,2.0
9.164,2.0
9.168,2.0
9.172,2.0
9.176,2.0
9.18,2.0
9.184,2.0
9.188,2.0
9.192,2.0
9.196,2.0
9.2,2.0
9.204,2.0
9.208,2.0
9.212,2.0
9.216,2.0
9.22,2.0
9.224,2.0
9.228,2.0
9.232,2.0
9.236,2.0
9.24,2.0
9.244,2.0
9.248,2.0
9.252,2.0
9.256,2.0
9.26,2.0
9.264,2.0
9.268,2.0
9.272,2.0
9.276,2.0
9.28,2.0
9.284,2.0
9.288,2.0
9.292,2.0
9.296,2.0
9.3,2.0
9.304,2.0
9.308,2.0
9.312,2.0
9.316,2.0
9.32,2.0
9.324,2.0
9.328,2.0
9.332,2.0
9.336,2.0
9.34,2.0
9.344,2.0
9.348,2.0
9.352,2.0
9.356,2.0
9.36,2.0
9.364,2.0
9.368,2.0
9.372,2.0
9.376,2.0
9.38,2.0
9.384,2.0
9.388,2.0
9.392,2.0
9.396,2.0
9.4,2.0
9.404,2.0
9.408,2.0
9.412,2.0
9.416,2.0
9.42,2.0
9.424,2.0
9.428,2.0
9.432,2.0
9.436,2.0
9.44,2.0
9.444,2.0
9.448,2.0
9.452,2.0
9.456,2.0
9.46,2.0
9.464,2.0
9.468,2.0
9.472,2.0
9.476,2.0
9.48,2.0
9.484,2.0
9.488,2.0
9.492,2.0
9.496,2.0
9.5,2.0
9.504,2.0
9.508,2.0
9.512,2.0
9.516,2.0
9.52,2.0
9.524,2.0
9.528,2.0
9.532,2.0
9.536,2.0
9.54,2.0
9.544,2.0
9.548,2.0
9.552,2.0
9.556,2.0
9.56,2.0
9.564,2.0
9.568,2.0
9.572,2.0
9.576,2.0
9.58,2.0
9.584,2.0
9.588,2.0
9.592,2.0
9.596,2.0
9.6,2.0
9.604,2.0
9.608,2.0
9.612,2.0
9.616,2.0
9.62,2.0
9.624,2.0
9.628,2.0
9.632,2.0
9.636,2.0
9.64,2.0
9.644,2.0
9.648,2.0
9.652,2.0
9.656,2.0
9.66,2.0
9.664,2.0
9.668,2.0
9.672,2.0
9.676,2.0
9.68,2.0
9.684,2.0
9.688,2.0
9.692,2.0
9.696,2.0
9.7,2.0
9.704,2.0
9.708,2.0
9.712,2.0
9.716,2.0
9.72,2.0
9.724,2.0
9.728,2.0
9.732,2.0
9.736,2.0
9.74,2.0
9.744,2.0
9.748,2.0
9.752,2.0
9.756,2.0
9.76,2.0
9.764,2.0
9.768,2.0
9.772,2.0
9.776,2.0
9.78,2.0
9.784,2.0
9.788,2.0
9.792,2.0
9.796,2.0
9.8,2.0
9.804,2.0
9.808,2.0
9.812,2.0
9.816,2.0
9.82,2.0
9.824,2.0
9.828,2.0
9.832,2.0
9.836,2.0
9.84,2.0
9.844,2.0
9.848,2.0
9.852,2.0
9.856,2.0
9.86,2.0
9.864,2.0
9.868,2.0
9.872,2.0
9.876,2.0
9.88,2.0
9.884,2.0
9.888,2.0
9.892,2.0
9.896,2.0
9.9,2.0
9.904,2.0
9.908,2.0
9.912,2.0
9.916,2.0
9.92,2.0
9.924,2.0
9.928,2.0
9.932,2.0
9.936,2.0
9.94,2.0
9.944,2.0
9.948,2.0
9.952,2.0
9.956,2.0
9.96,2.0
9.964,2.0
9.968,2.0
9.972,2.0
9.976,2.0
9.98,2.0
9.984,2.0
9.988,2.0
9.992,2.0
9.996,2.0
10.0,2.0
10.004,2.0
10.008,2.0
10.012,2.0
10.016,2.0
10.02,2.0
10.024,2.0
10.028,2.0
10.032,2.0
10.036,2.0
10.04,2.0
10.044,2.0
10.048,2.0
10.052,2.0
10.056,2.0
10.06,2.0
10.064,2.0
10.068,2.0
10.072,2.0
10.076,2.0
10.08,2.0
10.084,2.0
10.088,2.0
10.092,2.0
10.096,2.0
10.1,2.0
10.104,2.0
10.108,2.0
10.112,2.0
10.116,2.0
10.12,2.0
10.124,2.0
10.128,2.0
10.132,2.0
10.136,2.0
10.14,2.0
10.144,2.0
10.148,2.0
10.152,2.0
10.156,2.0
10.16,2.0
10.164,2.0
10.168,2.0
10.172,2.0
10.176,2.0
10.18,2.0
10.184,2.0
10.188,2.0
10.192,2.0
10.196,2.0
10.2,2.0
10.204,2.0
10.208,2.0
10.212,2.0
10.216,2.0
10.22,2.0
10.224,2.0
10.228,2.0
10.232,2.0
10.236,2.0
10.24,2.0
10.244,2.0
10.248,2.0
10.252,2.0
10.256,2.0
10.26,2.0
10.264,2.0
10.268,2.0
10.272,2.0
10.276,2.0
10.28,2.0
10.284,2.0
10.288,2.0
10.292,2.0
10.296,2.0
10.3,2.0
10.304,2.0
10.308,2.0
10.312,2.0
10.316,2.0
10.32,2.0
10.324,2.0
10.328,2.0
10.332,2.0
10.336,2.0
10.34,2.0
10.344,2.0
10.348,2.0
10.352,2.0
10.356,2.0
10.36,2.0
10.364,2.0
10.368,2.0
10.372,2.0
10.376,2.0
10.38,2.0
10.384,2.0
10.388,2.0
10.392,2.0
10.396,2.0
10.4,2.0
10.404,2.0
10.408,2.0
10.412,2.0
10.416,2.0
10.42,2.0
10.424,2.0
10.428,2.0
10.432,2.0
10.436,2.0
10.44,2.0
10.444,2.0
10.448,2.0
10.452,2.0
10.456,2.0
10.46,2.0
10.464,2.0
10.468,2.0
10.472,2.0
10.476,2.0
10.48,2.0
10.484,2.0
10.488,2.0
10.492,2.0
10.496,2.0
10.5,2.0
10.504,2.0
10.508,2.0
10.512,2.0
10.516,2.0
10.52,2.0
10.524,2.0
10.528,2.0
10.532,2.0
10.536,2.0
10.54,2.0
10.544,2.0
10.548,2.0
10.552,2.0
10.556,2.0
10.56,2.0
10.564,2.0
10.568,2.0
10.572,2.0
10.576,2.0
10.58,2.0
10.584,2.0
10.588,2.0
10.592,2.0
10.596,2.0
10.6,2.0
10.604,2.0
10.608,2.0
10.612,2.0
10.616,2.0
10.62,2.0
10.624,2.0
10.628,2.0
10.632,2.0
10.636,2.0
10.64,2.0
10.644,2.0
10.648,2.0
10.652,2.0
10.656,2.0
10.66,2.0
10.664,2.0
10.668,2.0
10.672,2.0
10.676,2.0
10.68,2.0
10.684,2.0
10.688,2.0
10.692,2.0
10.696,2.0
10.7,2.0
10.704,2.0
10.708,2.0
10.712,2.0
10.716,2.0
10.72,2.0
10.724,2.0
10.728,2.0
10.732,2.0
10.736,2.0
10.74,2.0
10.744,2.0
10.748,2.0
10.752,2.0
10.756,2.0
10.76,2.0
10.764,2.0
10.768,2.0
10.772,2.0
10.776,2.0
10.78,2.0
10.784,2.0
10.788,2.0
10.792,2.0
10.796,2.0
10.8,2.0
10.804,2.0
10.808,2.0
10.812,2.0
10.816,2.0
10.82,2.0
10.824,2.0
10.828,2.0
10.832,2.0
10.836,2.0
10.84,2.0
10.844,2.0
10.848,2.0
10.852,2.0
10.856,2.0
10.86,2.0
10.864,2.0
10.868,2.0
10.872,2.0
10.876,2.0
10.88,2.0
10.884,2.0
10.888,2.0
10.892,2.0
10.896,2.0
10.9,2.0
10.904,2.0
10.908,2.0
10.912,2.0
10.916,2.0
10.92,2.0
10.924,2.0
10.928,2.0
10.932,2.0
10.936,2.0
10.94,2.0
10.944,2.0
10.948,2.0
10.952,2.0
10.956,2.0
10.96,2.0
10.964,2.0
10.968,2.0
10.972,2.0
10.976,2.0
10.98,2.0
10.984,2.0
10.988,2.0
10.992,2.0
10.996,2.0
11.0,2.0
11.004,2.0
11.008,2.0
11.012,2.0
11.016,2.0
11.02,2.0
11.024,2.0
11.028,2.0
11.032,2.0
11.036,2.0
11.04,2.0
11.044,2.0
11.048,2.0
11.052,2.0
11.056,2.0
11.06,2.0
11.064,2.0
11.068,2.0
11.072,2.0
11.076,2.0
11.08,2.0
11.084,2.0
11.088,2.0
11.092,2.0
11.096,2.0
11.1,2.0
11.104,2.0
11.108,2.0
11.112,2.0
11.116,2.0
11.12,2.0
11.124,2.0
11.128,2.0
11.132,2.0
11.136,2.0
11.14,2.0
11.144,2.0
11.148,2.0
11.152,2.0
11.156,2.0
11.16,2.0
11.164,2.0
11.168,2.0
11.172,2.0
11.176,2.0
11.18,2.0
11.184,2.0
11.188,2.0
11.192,2.0
11.196,2.0
11.2,2.0
11.204,2.0
11.208,2.0
11.212,2.0
11.216,2.0
11.22,2.0
11.224,2.0
11.228,2.0
11.232,2.0
11.236,2.0
11.24,2.0
11.244,2.0
11.248,2.0
11.252,2.0
11.256,2.0
11.26,2.0
11.264,2.0
11.268,2.0
11.272,2.0
11.276,2.0
11.28,2.0
11.284,2.0
11.288,2.0
11.292,2.0
11.296,2.0
11.3,2.0
11.304,2.0
11.308,2.0
11.312,2.0
11.316,2.0
11.32,2.0
11.324,2.0
11.328,2.0
11.332,2.0
11.336,2.0
11.34,2.0
11.344,2.0
11.348,2.0
11.352,2.0
11.356,2.0
11.36,2.0
11.364,2.0
11.368,2.0
11.372,2.0
11.376,2.0
11.38,2.0
11.384,2.0
11.388,2.0
11.392,2.0
11.396,2.0
11.4,2.0
11.404,2.0
11.408,2.0
11.412,2.0
11.416,2.0
11.42,2.0
11.424,2.0
11.428,2.0
11.432,2.0
11.436,2.0
11.44,2.0
11.444,2.0
11.448,2.0
11.452,2.0
11.456,2.0
11.46,2.0
11.464,2.0
11.468,2.0
11.472,2.0
11.476,2.0
11.48,2.0
11.484,2.0
11.488,2.0
11.492,2.0
11.496,2.0
11.5,2.0
11.504,2.0
11.508,2.0
11.512,2.0
11.516,2.0
11.52,2.0
11.524,2.0
11.528,2.0
11.532,2.0
11.536,2.0
11.54,2.0
11.544,2.0
11.548,2.0
11.552,2.0
11.556,2.0
11.56,2.0
11.564,2.0
11.568,2.0
11.572,2.0
11.576,2.0
11.58,2.0
11.584,2.0
11.588,2.0
11.592,2.0
11.596,2.0
11.6,2.0
11.604,2.0
11.608,2.0
11.612,2.0
11.616,2.0
11.62,2.0
11.624,2.0
11.628,2.0
11.632,2.0
11.636,2.0
11.64,2.0
11.644,2.0
11.648,2.0
11.652,2.0
11.656,2.0
11.66,2.0
11.664,2.0
11.668,2.0
11.672,2.0
11.676,2.0
11.68,2.0
11.684,2.0
11.688,2.0
11.692,2.0
11.696,2.0
11.7,2.0
11.704,2.0
11.708,2.0
11.712,2.0
11.716,2.0
11.72,2.0
11.724,2.0
11.728,2.0
11.732,2.0
11.736,2.0
11.74,2.0
11.744,2.0
11.748,2.0
11.752,2.0
11.756,2.0
11.76,2.0
11.764,2.0
11.768,2.0
11.772,2.0
11.776,2.0
11.78,2.0
11.784,2.0
11.788,2.0
11.792,2.0
11.796,2.0
11.8,2.0
11.804,2.0
11.808,2.0
11.812,2.0
11.816,2.0
11.82,2.0
11.824,2.0
11.828,2.0
11.832,2.0
11.836,2.0
11.84,2.0
11.844,2.0
11.848,2.0
11.852,2.0
11.856,2.0
11.86,2.0
11.864,2.0
11.868,2.0
11.872,2.0
11.876,2.0
11.88,2.0
11.884,2.0
11.888,2.0
11.892,2.0
11.896,2.0
11.9,2.0
11.904,2.0
11.908,2.0
11.912,2.0
11.916,2.0
11.92,2.0
11.924,2.0
11.928,2.0
11.932,2.0
11.936,2.0
11.94,2.0
11.944,2.0
11.948,2.0
11.952,2.0
11.956,2.0
11.96,2.0
11.964,2.0
11.968,2.0
11.972,2.0
11.976,2.0
11.98,2.0
11.984,2.0
11.988,2.0
11.992,2.0
11.996,2.0
12.0,2.0
12.004,2.0
12.008,2.0
12.012,2.0
12.016,2.0
12.02,2.0
12.024,2.0
12.028,2.0
12.032,2.0
12.036,2.0
12.04,2.0
12.044,2.0
12.048,2.0
12.052,2.0
12.056,2.0
12.06,2.0
12.064,2.0
12.068,2.0
12.072,2.0
12.076,2.0
12.08,2.0
12.084,2.0
12.088,2.0
12.092,2.0
12.096,2.0
12.1,2.0
12.104,2.0
12.108,2.0
12.112,2.0
12.116,2.0
12.12,2.0
12.124,2.0
12.128,2.0
12.132,2.0
12.136,2.0
12.14,2.0
12.144,2.0
12.148,2.0
12.152,2.0
12.156,2.0
12.16,2.0
12.164,2.0
12.168,2.0
12.172,2.0
12.176,2.0
12.18,2.0
12.184,2.0
12.188,2.0
12.192,2.0
12.196,2.0
12.2,2.0
12.204,2.0
12.208,2.0
12.212,2.0
12.216,2.0
12.22,2.0
12.224,2.0
12.228,2.0
12.232,2.0
12.236,2.0
12.24,2.0
12.244,2.0
12.248,2.0
12.252,2.0
12.256,2.0
12.26,2.0
12.264,2.0
12.268,2.0
12.272,2.0
12.276,2.0
12.28,2.0
12.284,2.0
12.288,2.0
12.292,2.0
12.296,2.0
12.3,2.0
12.304,2.0
12.308,2.0
12.312,2.0
12.316,2.0
12.32,2.0
12.324,2.0
12.328,2.0
12.332,2.0
12.336,2.0
12.34,2.0
12.344,2.0
12.348,2.0
12.352,2.0
12.356,2.0
12.36,2.0
12.364,2.0
12.368,2.0
12.372,2.0
12.376,2.0
12.38,2.0
12.384,2.0
12.388,2.0
12.392,2.0
12.396,2.0
12.4,2.0
12.404,2.0
12.408,2.0
12.412,2.0
12.416,2.0
12.42,2.0
12.424,2.0
12.428,2.0
12.432,2.0
12.436,2.0
12.44,2.0
12.444,2.0
12.448,2.0
12.452,2.0
12.456,2.0
12.46,2.0
12.464,2.0
12.468,2.0
12.472,2.0
12.476,2.0
12.48,2.0
12.484,2.0
12.488,2.0
12.492,2.0
12.496,2.0
12.5,2.0
12.504,2.0
12.508,2.0
12.512,2.0
12.516,2.0
12.52,2.0
12.524,2.0
12.528,2.0
12.532,2.0
12.536,2.0
12.54,2.0
12.544,2.0
12.548,2.0
12.552,2.0
12.556,2.0
12.56,2.0
12.564,2.0
12.568,2.0
12.572,2.0
12.576,2.0
12.58,2.0
12.584,2.0
12.588,2.0
12.592,2.0
12.596,2.0
12.6,2.0
12.604,2.0
12.608,2.0
12.612,2.0
12.616,2.0
12.62,2.0
12.624,2.0
12.628,2.0
12.632,2.0
12.636,2.0
12.64,2.0
12.644,2.0
12.648,2.0
12.652,2.0
12.656,2.0
12.66,2.0
12.664,2.0
12.668,2.0
12.672,2.0
12.676,2.0
12.68,2.0
12.684,2.0
12.688,2.0
12.692,2.0
12.696,2.0
12.7,2.0
12.704,2.0
12.708,2.0
12.712,2.0
12.716,2.0
12.72,2.0
12.724,2.0
12.728,2.0
12.732,2.0
12.736,2.0
12.74,2.0
12.744,2.0
12.748,2.0
12.752,2.0
12.756,2.0
12.76,2.0
12.764,2.0
12.768,2.0
12.772,2.0
12.776,2.0
12.78,2.0
12.784,2.0
12.788,2.0
12.792,2.0
12.796,2.0
12.8,2.0
12.804,2.0
12.808,2.0
12.812,2.0
12.816,2.0
12.82,2.0
12.824,2.0
12.828,2.0
12.832,2.0
12.836,2.0
12.84,2.0
12.844,2.0
12.848,2.0
12.852,2.0
12.856,2.0
12.86,2.0
12.864,2.0
12.868,2.0
12.872,2.0
12.876,2.0
12.88,2.0
12.884,2.0
12.888,2.0
12.892,2.0
12.896,2.0
12.9,2.0
12.904,2.0
12.908,2.0
12.912,2.0
12.916,2.0
12.92,2.0
12.924,2.0
12.928,2.0
12.932,2.0
12.936,2.0
12.94,2.0
12.944,2.0
12.948,2.0
12.952,2.0
12.956,2.0
12.96,2.0
12.964,2.0
12.968,2.0
12.972,2.0
12.976,2.0
12.98,2.0
12.984,2.0
12.988,2.0
12.992,2.0
12.996,2.0
13.0,2.0
13.004,2.0
13.008,2.0
13.012,2.0
13.016,2.0
13.02,2.0
13.024,2.0
13.028,2.0
13.032,2.0
13.036,2.0
13.04,2.0
13.044,2.0
13.048,2.0
13.052,2.0
13.056,2.0
13.06,2.0
13.064,2.0
13.068,2.0
13.072,2.0
13.076,2.0
13.08,2.0
13.084,2.0
13.088,2.0
13.092,2.0
13.096,2.0
13.1,2.0
13.104,2.0
13.108,2.0
13.112,2.0
13.116,2.0
13.12,2.0
13.124,2.0
13.128,2.0
13.132,2.0
13.136,2.0
13.14,2.0
13.144,2.0
13.148,2.0
13.152,2.0
13.156,2.0
13.16,2.0
13.164,2.0
13.168,2.0
13.172,2.0
13.176,2.0
13.18,2.0
13.184,2.0
13.188,2.0
13.192,2.0
13.196,2.0
13.2,2.0
13.204,2.0
13.208,2.0
13.212,2.0
13.216,2.0
13.22,2.0
13.224,2.0
13.228,2.0
13.232,2.0
13.236,2.0
13.24,2.0
13.244,2.0
13.248,2.0
13.252,2.0
13.256,2.0
13.26,2.0
13.264,2.0
13.268,2.0
13.272,2.0
13.276,2.0
13.28,2.0
13.284,2.0
13.288,2.0
13.292,2.0
13.296,2.0
13.3,2.0
13.304,2.0
13.308,2.0
13.312,2.0
13.316,2.0
13.32,2.0
13.324,2.0
13.328,2.0
13.332,2.0
13.336,2.0
13.34,2.0
13.344,2.0
13.348,2.0
13.352,2.0
13.356,2.0
13.36,2.0
13.364,2.0
13.368,2.0
13.372,2.0
13.376,2.0
13.38,2.0
13.384,2.0
13.388,2.0
13.392,2.0
13.396,2.0
13.4,2.0
13.404,2.0
13.408,2.0
13.412,2.0
13.416,2.0
13.42,2.0
13.424,2.0
13.428,2.0
13.432,2.0
13.436,2.0
13.44,2.0
13.444,2.0
13.448,2.0
13.452,2.0
13.456,2.0
13.46,2.0
13.464,2.0
13.468,2.0
13.472,2.0
13.476,2.0
13.48,2.0
13.484,2.0
13.488,2.0
13.492,2.0
13.496,2.0
13.5,2.0
13.504,2.0
13.508,2.0
13.512,2.0
13.516,2.0
13.52,2.0
13.524,2.0
13.528,2.0
13.532,2.0
13.536,2.0
13.54,2.0
13.544,2.0
13.548,2.0
13.552,2.0
13.556,2.0
13.56,2.0
13.564,2.0
13.568,2.0
13.572,2.0
13.576,2.0
13.58,2.0
13.584,2.0
13.588,2.0
13.592,2.0
13.596,2.0
13.6,2.0
13.604,2.0
13.608,2.0
13.612,2.0
13.616,2.0
13.62,2.0
13.624,2.0
13.628,2.0
13.632,2.0
13.636,2.0
13.64,2.0
13.644,2.0
13.648,2.0
13.652,2.0
13.656,2.0
13.66,2.0
13.664,2.0
13.668,2.0
13.672,2.0
13.676,2.0
13.68,2.0
13.684,2.0
13.688,2.0
13.692,2.0
13.696,2.0
13.7,2.0
13.704,2.0
13.708,2.0
13.712,2.0
13.716,2.0
13.72,2.0
13.724,2.0
13.728,2.0
13.732,2.0
13.736,2.0
13.74,2.0
13.744,2.0
13.748,2.0
13.752,2.0
13.756,2.0
13.76,2.0
13.764,2.0
13.768,2.0
13.772,2.0
13.776,2.0
13.78,2.0
13.784,2.0
13.788,2.0
13.792,2.0
13.796,2.0
13.8,2.0
13.804,2.0
13.808,2.0
13.812,2.0
13.816,2.0
13.82,2.0
13.824,2.0
13.828,2.0
13.832,2.0
13.836,2.0
13.84,2.0
13.844,2.0
13.848,2.0
13.852,2.0
13.856,2.0
13.86,2.0
13.864,2.0
13.868,2.0
13.872,2.0
13.876,2.0
13.88,2.0
13.884,2.0
13.888,2.0
13.892,2.0
13.896,2.0
13.9,2.0
13.904,2.0
13.908,2.0
13.912,2.0
13.916,2.0
13.92,2.0
13.924,2.0
13.928,2.0
13.932,2.0
13.936,2.0
13.94,2.0
13.944,2.0
13.948,2.0
13.952,2.0
13.956,2.0
13.96,2.0
13.964,2.0
13.968,2.0
13.972,2.0
13.976,2.0
13.98,2.0
13.984,2.0
13.988,2.0
13.992,2.0
13.996,2.0
14.0,2.0
14.004,2.0
14.008,2.0
14.012,2.0
14.016,2.0
14.02,2.0
14.024,2.0
14.028,2.0
14.032,2.0
14.036,2.0
14.04,2.0
14.044,2.0
14.048,2.0
14.052,2.0
14.056,2.0
14.06,2.0
14.064,2.0
14.068,2.0
14.072,2.0
14.076,2.0
14.08,2.0
14.084,2.0
14.088,2.0
14.092,2.0
14.096,2.0
14.1,2.0
14.104,2.0
14.108,2.0
14.112,2.0
14.116,2.0
14.12,2.0
14.124,2.0
14.128,2.0
14.132,2.0
14.136,2.0
14.14,2.0
14.144,2.0
14.148,2.0
14.152,2.0
14.156,2.0
14.16,2.0
14.164,2.0
14.168,2.0
14.172,2.0
14.176,2.0
14.18,2.0
14.184,2.0
14.188,2.0
14.192,2.0
14.196,2.0
14.2,2.0
14.204,2.0
14.208,2.0
14.212,2.0
14.216,2.0
14.22,2.0
14.224,2.0
14.228,2.0
14.232,2.0
14.236,2.0
14.24,2.0
14.244,2.0
14.248,2.0
14.252,2.0
14.256,2.0
14.26,2.0
14.264,2.0
14.268,2.0
14.272,2.0
14.276,2.0
14.28,2.0
14.284,2.0
14.288,2.0
14.292,2.0
14.296,2.0
14.3,2.0
14.304,2.0
14.308,2.0
14.312,2.0
14.316,2.0
14.32,2.0
14.324,2.0
14.328,2.0
14.332,2.0
14.336,2.0
14.34,2.0
14.344,2.0
14.348,2.0
14.352,2.0
14.356,2.0
14.36,2.0
14.364,2.0
14.368,2.0
14.372,2.0
14.376,2.0
14.38,2.0
14.384,2.0
14.388,2.0
14.392,2.0
14.396,2.0
14.4,2.0
14.404,2.0
14.408,2.0
14.412,2.0
14.416,2.0
14.42,2.0
14.424,2.0
14.428,2.0
14.432,2.0
14.436,2.0
14.44,2.0
14.444,2.0
14.448,2.0
14.452,2.0
14.456,2.0
14.46,2.0
14.464,2.0
14.468,2.0
14.472,2.0
14.476,2.0
14.48,2.0
14.484,2.0
14.488,2.0
14.492,2.0
14.496,2.0
14.5,2.0
14.504,2.0
14.508,2.0
14.512,2.0
14.516,2.0
14.52,2.0
14.524,2.0
14.528,2.0
14.532,2.0
14.536,2.0
14.54,2.0
14.544,2.0
14.548,2.0
14.552,2.0
14.556,2.0
14.56,2.0
14.564,2.0
14.568,2.0
14.572,2.0
14.576,2.0
14.58,2.0
14.584,2.0
14.588,2.0
14.592,2.0
14.596,2.0
14.6,2.0
14.604,2.0
14.608,2.0
14.612,2.0
14.616,2.0
14.62,2.0
14.624,2.0
14.628,2.0
14.632,2.0
14.636,2.0
14.64,2.0
14.644,2.0
14.648,2.0
14.652,2.0
14.656,2.0
14.66,2.0
14.664,2.0
14.668,2.0
14.672,2.0
14.676,2.0
14.68,2.0
14.684,2.0
14.688,2.0
14.692,2.0
14.696,2.0
14.7,2.0
14.704,2.0
14.708,2.0
14.712,2.0
14.716,2.0
14.72,2.0
14.724,2.0
14.728,2.0
14.732,2.0
14.736,2.0
14.74,2.0
14.744,2.0
14.748,2.0
14.752,2.0
14.756,2.0
14.76,2.0
14.764,2.0
14.768,2.0
14.772,2.0
14.776,2.0
14.78,2.0
14.784,2.0
14.788,2.0
14.792,2.0
14.796,2.0
14.8,2.0
14.804,2.0
14.808,2.0
14.812,2.0
14.816,2.0
14.82,2.0
14.824,2.0
14.828,2.0
14.832,2.0
14.836,2.0
14.84,2.0
14.844,2.0
14.848,2.0
14.852,2.0
14.856,2.0
14.86,2.0
14.864,2.0
14.868,2.0
14.872,2.0
14.876,2.0
14.88,2.0
14.884,2.0
14.888,2.0
14.892,2.0
14.896,2.0
14.9,2.0
14.904,2.0
14.908,2.0
14.912,2.0
14.916,2.0
14.92,2.0
14.924,2.0
14.928,2.0
14.932,2.0
14.936,2.0
14.94,2.0
14.944,2.0
14.948,2.0
14.952,2.0
14.956,2.0
14.96,2.0
14.964,2.0
14.968,2.0
14.972,2.0
14.976,2.0
14.98,2.0
14.984,2.0
14.988,2.0
14.992,2.0
14.996,2.0
15.0,2.0
15.004,2.0
15.008,2.0
15.012,2.0
15.016,2.0
15.02,2.0
15.024,2.0
15.028,2.0
15.032,2.0
15.036,2.0
15.04,2.0
15.044,2.0
15.048,2.0
15.052,2.0
15.056,2.0
15.06,2.0
15.064,2.0
15.068,2.0
15.072,2.0
15.076,2.0
15.08,2.0
15.084,2.0
15.088,2.0
15.092,2.0
15.096,2.0
15.1,2.0
15.104,2.0
15.108,2.0
15.112,2.0
15.116,2.0
15.12,2.0
15.124,2.0
15.128,2.0
15.132,2.0
15.136,2.0
15.14,2.0
15.144,2.0
15.148,2.0
15.152,2.0
15.156,2.0
15.16,2.0
15.164,2.0
15.168,2.0
15.172,2.0
15.176,2.0
15.18,2.0
15.184,2.0
15.188,2.0
15.192,2.0
15.196,2.0
15.2,2.0
15.204,2.0
15.208,2.0
15.212,2.0
15.216,2.0
15.22,2.0
15.224,2.0
15.228,2.0
15.232,2.0
15.236,2.0
15.24,2.0
15.244,2.0
15.248,2.0
15.252,2.0
15.256,2.0
15.26,2.0
15.264,2.0
15.268,2.0
15.272,2.0
15.276,2.0
15.28,2.0
15.284,2.0
15.288,2.0
15.292,2.0
15.296,2.0
15.3,2.0
15.304,2.0
15.308,2.0
15.312,2.0
15.316,2.0
15.32,2.0
15.324,2.0
15.328,2.0
15.332,2.0
15.336,2.0
15.34,2.0
15.344,2.0
15.348,2.0
15.352,2.0
15.356,2.0
15.36,2.0
15.364,2.0
15.368,2.0
15.372,2.0
15.376,2.0
15.38,2.0
15.384,2.0
15.388,2.0
15.392,2.0
15.396,2.0
15.4,2.0
15.404,2.0
15.408,2.0
15.412,2.0
15.416,2.0
15.42,2.0
15.424,2.0
15.428,2.0
15.432,2.0
15.436,2.0
15.44,2.0
15.444,2.0
15.448,2.0
15.452,2.0
15.456,2.0
15.46,2.0
15.464,2.0
15.468,2.0
15.472,2.0
15.476,2.0
15.48,2.0
15.484,2.0
15.488,2.0
15.492,2.0
15.496,2.0
15.5,2.0
15.504,2.0
15.508,2.0
15.512,2.0
15.516,2.0
15.52,2.0
15.524,2.0
15.528,2.0
15.532,2.0
15.536,2.0
15.54,2.0
15.544,2.0
15.548,2.0
15.552,2.0
15.556,2.0
15.56,2.0
15.564,2.0
15.568,2.0
15.572,2.0
15.576,2.0
15.58,2.0
15.584,2.0
15.588,2.0
15.592,2.0
15.596,2.0
15.6,2.0
15.604,2.0
15.608,2.0
15.612,2.0
15.616,2.0
15.62,2.0
15.624,2.0
15.628,2.0
15.632,2.0
15.636,2.0
15.64,2.0
15.644,2.0
15.648,2.0
15.652,2.0
15.656,2.0
15.66,2.0
15.664,2.0
15.668,2.0
15.672,2.0
15.676,2.0
15.68,2.0
15.684,2.0
15.688,2.0
15.692,2.0
15.696,2.0
15.7,2.0
15.704,2.0
15.708,2.0
15.712,2.0
15.716,2.0
15.72,2.0
15.724,2.0
15.728,2.0
15.732,2.0
15.736,2.0
15.74,2.0
15.744,2.0
15.748,2.0
15.752,2.0
15.756,2.0
15.76,2.0
15.764,2.0
15.768,2.0
15.772,2.0
15.776,2.0
15.78,2.0
15.784,2.0
15.788,2.0
15.792,2.0
15.796,2.0
15.8,2.0
15.804,2.0
15.808,2.0
15.812,2.0
15.816,2.0
15.82,2.0
15.824,2.0
15.828,2.0
15.832,2.0
15.836,2.0
15.84,2.0
15.844,2.0
15.848,2.0
15.852,2.0
15.856,2.0
15.86,2.0
15.864,2.0
15.868,2.0
15.872,2.0
15.876,2.0
15.88,2.0
15.884,2.0
15.888,2.0
15.892,2.0
15.896,2.0
15.9,2.0
15.904,2.0
15.908,2.0
15.912,2.0
15.916,2.0
15.92,2.0
15.924,2.0
15.928,2.0
15.932,2.0
15.936,2.0
15.94,2.0
15.944,2.0
15.948,2.0
15.952,2.0
15.956,2.0
15.96,2.0
15.964,2.0
15.968,2.0
15.972,2.0
15.976,2.0
15.98,2.0
15.984,2.0
15.988,2.0
15.992,2.0
15.996,2.0
16.0,2.0
16.004,2.0
16.008,2.0
16.012,2.0
16.016,2.0
16.02,2.0
16.024,2.0
16.028,2.0
16.032,2.0
16.036,2.0
16.04,2.0
16.044,2.0
16.048,2.0
16.052,2.0
16.056,2.0
16.06,2.0
16.064,2.0
16.068,2.0
16.072,2.0
16.076,2.0
16.08,2.0
16.084,2.0
16.088,2.0
16.092,2.0
16.096,2.0
16.1,2.0
16.104,2.0
16.108,2.0
16.112,2.0
16.116,2.0
16.12,2.0
16.124,2.0
16.128,2.0
16.132,2.0
16.136,2.0
16.14,2.0
16.144,2.0
16.148,2.0
16.152,2.0
16.156,2.0
16.16,2.0
16.164,2.0
16.168,2.0
16.172,2.0
16.176,2.0
16.18,2.0
16.184,2.0
16.188,2.0
16.192,2.0
16.196,2.0
16.2,2.0
16.204,2.0
16.208,2.0
16.212,2.0
16.216,2.0
16.22,2.0
16.224,2.0
16.228,2.0
16.232,2.0
16.236,2.0
16.24,2.0
16.244,2.0
16.248,2.0
16.252,2.0
16.256,2.0
16.26,2.0
16.264,2.0
16.268,2.0
16.272,2.0
16.276,2.0
16.28,2.0
16.284,2.0
16.288,2.0
16.292,2.0
16.296,2.0
16.3,2.0
16.304,2.0
16.308,2.0
16.312,2.0
16.316,2.0
16.32,2.0
16.324,2.0
16.328,2.0
16.332,2.0
16.336,2.0
16.34,2.0
16.344,2.0
16.348,2.0
16.352,2.0
16.356,2.0
16.36,2.0
16.364,2.0
16.368,2.0
16.372,2.0
16.376,2.0
16.38,2.0
16.384,2.0
16.388,2.0
16.392,2.0
16.396,2.0
16.4,2.0
16.404,2.0
16.408,2.0
16.412,2.0
16.416,2.0
16.42,2.0
16.424,2.0
16.428,2.0
16.432,2.0
16.436,2.0
16.44,2.0
16.444,2.0
16.448,2.0
16.452,2.0
16.456,2.0
16.46,2.0
16.464,2.0
16.468,2.0
16.472,2.0
16.476,2.0
16.48,2.0
16.484,2.0
16.488,2.0
16.492,2.0
16.496,2.0
16.5,2.0
16.504,2.0
16.508,2.0
16.512,2.0
16.516,2.0
16.52,2.0
16.524,2.0
16.528,2.0
16.532,2.0
16.536,2.0
16.54,2.0
16.544,2.0
16.548,2.0
16.552,2.0
16.556,2.0
16.56,2.0
16.564,2.0
16.568,2.0
16.572,2.0
16.576,2.0
16.58,2.0
16.584,2.0
16.588,2.0
16.592,2.0
16.596,2.0
16.6,2.0
16.604,2.0
16.608,2.0
16.612,2.0
16.616,2.0
16.62,2.0
16.624,2.0
16.628,2.0
16.632,2.0
16.636,2.0
16.64,2.0
16.644,2.0
16.648,2.0
16.652,2.0
16.656,2.0
16.66,2.0
16.664,2.0
16.668,2.0
16.672,2.0
16.676,2.0
16.68,2.0
16.684,2.0
16.688,2.0
16.692,2.0
16.696,2.0
16.7,2.0
16.704,2.0
16.708,2.0
16.712,2.0
16.716,2.0
16.72,2.0
16.724,2.0
16.728,2.0
16.732,2.0
16.736,2.0
16.74,2.0
16.744,2.0
16.748,2.0
16.752,2.0
16.756,2.0
16.76,2.0
16.764,2.0
16.768,2.0
16.772,2.0
16.776,2.0
16.78,2.0
16.784,2.0
16.788,2.0
16.792,2.0
16.796,2.0
16.8,2.0
16.804,2.0
16.808,2.0
16.812,2.0
16.816,2.0
16.82,2.0
16.824,2.0
16.828,2.0
16.832,2.0
16.836,2.0
16.84,2.0
16.844,2.0
16.848,2.0
16.852,2.0
16.856,2.0
16.86,2.0
16.864,2.0
16.868,2.0
16.872,2.0
16.876,2.0
16.88,2.0
16.884,2.0
16.888,2.0
16.892,2.0
16.896,2.0
16.9,2.0
16.904,2.0
16.908,2.0
16.912,2.0
16.916,2.0
16.92,2.0
16.924,2.0
16.928,2.0
16.932,2.0
16.936,2.0
16.94,2.0
16.944,2.0
16.948,2.0
16.952,2.0
16.956,2.0
16.96,2.0
16.964,2.0
16.968,2.0
16.972,2.0
16.976,2.0
16.98,2.0
16.984,2.0
16.988,2.0
16.992,2.0
16.996,2.0
17.0,2.0
17.004,2.0
17.008,2.0
17.012,2.0
17.016,2.0
17.02,2.0
17.024,2.0
17.028,2.0
17.032,2.0
17.036,2.0
17.04,2.0
17.044,2.0
17.048,2.0
17.052,2.0
17.056,2.0
17.06,2.0
17.064,2.0
17.068,2.0
17.072,2.0
17.076,2.0
17.08,2.0
17.084,2.0
17.088,2.0
17.092,2.0
17.096,2.0
17.1,2.0
17.104,2.0
17.108,2.0
17.112,2.0
17.116,2.0
17.12,2.0
17.124,2.0
17.128,2.0
17.132,2.0
17.136,2.0
17.14,2.0
17.144,2.0
17.148,2.0
17.152,2.0
17.156,2.0
17.16,2.0
17.164,2.0
17.168,2.0
17.172,2.0
17.176,2.0
17.18,2.0
17.184,2.0
17.188,2.0
17.192,2.0
17.196,2.0
17.2,2.0
17.204,2.0
17.208,2.0
17.212,2.0
17.216,2.0
17.22,2.0
17.224,2.0
17.228,2.0
17.232,2.0
17.236,2.0
17.24,2.0
17.244,2.0
17.248,2.0
17.252,2.0
17.256,2.0
17.26,2.0
17.264,2.0
17.268,2.0
17.272,2.0
17.276,2.0
17.28,2.0
17.284,2.0
17.288,2.0
17.292,2.0
17.296,2.0
17.3,2.0
17.304,2.0
17.308,2.0
17.312,2.0
17.316,2.0
17.32,2.0
17.324,2.0
17.328,2.0
17.332,2.0
17.336,2.0
17.34,2.0
17.344,2.0
17.348,2.0
17.352,2.0
17.356,2.0
17.36,2.0
17.364,2.0
17.368,2.0
17.372,2.0
17.376,2.0
17.38,2.0
17.384,2.0
17.388,2.0
17.392,2.0
17.396,2.0
17.4,2.0
17.404,2.0
17.408,2.0
17.412,2.0
17.416,2.0
17.42,2.0
17.424,2.0
17.428,2.0
17.432,2.0
17.436,2.0
17.44,2.0
17.444,2.0
17.448,2.0
17.452,2.0
17.456,2.0
17.46,2.0
17.464,2.0
17.468,2.0
17.472,2.0
17.476,2.0
17.48,2.0
17.484,2.0
17.488,2.0
17.492,2.0
17.496,2.0
17.5,2.0
17.504,2.0
17.508,2.0
17.512,2.0
17.516,2.0
17.52,2.0
17.524,2.0
17.528,2.0
17.532,2.0
17.536,2.0
17.54,2.0
17.544,2.0
17.548,2.0
17.552,2.0
17.556,2.0
17.56,2.0
17.564,2.0
17.568,2.0
17.572,2.0
17.576,2.0
17.58,2.0
17.584,2.0
17.588,2.0
17.592,2.0
17.596,2.0
17.6,2.0
17.604,2.0
17.608,2.0
17.612,2.0
17.616,2.0
17.62,2.0
17.624,2.0
17.628,2.0
17.632,2.0
17.636,2.0
17.64,2.0
17.644,2.0
17.648,2.0
17.652,2.0
17.656,2.0
17.66,2.0
17.664,2.0
17.668,2.0
17.672,2.0
17.676,2.0
17.68,2.0
17.684,2.0
17.688,2.0
17.692,2.0
17.696,2.0
17.7,2.0
17.704,2.0
17.708,2.0
17.712,2.0
17.716,2.0
17.72,2.0
17.724,2.0
17.728,2.0
17.732,2.0
17.736,2.0
17.74,2.0
17.744,2.0
17.748,2.0
17.752,2.0
17.756,2.0
17.76,2.0
17.764,2.0
17.768,2.0
17.772,2.0
17.776,2.0
17.78,2.0
17.784,2.0
17.788,2.0
17.792,2.0
17.796,2.0
17.8,2.0
17.804,2.0
17.808,2.0
17.812,2.0
17.816,2.0
17.82,2.0
17.824,2.0
17.828,2.0
17.832,2.0
17.836,2.0
17.84,2.0
17.844,2.0
17.848,2.0
17.852,2.0
17.856,2.0
17.86,2.0
17.864,2.0
17.868,2.0
17.872,2.0
17.876,2.0
17.88,2.0
17.884,2.0
17.888,2.0
17.892,2.0
17.896,2.0
17.9,2.0
17.904,2.0
17.908,2.0
17.912,2.0
17.916,2.0
17.92,2.0
17.924,2.0
17.928,2.0
17.932,2.0
17.936,2.0
17.94,2.0
17.944,2.0
17.948,2.0
17.952,2.0
17.956,2.0
17.96,2.0
17.964,2.0
17.968,2.0
17.972,2.0
17.976,2.0
17.98,2.0
17.984,2.0
17.988,2.0
17.992,2.0
17.996,2.0
18.0,2.0
18.004,2.0
18.008,2.0
18.012,2.0
18.016,2.0
18.02,2.0
18.024,2.0
18.028,2.0
18.032,2.0
18.036,2.0
18.04,2.0
18.044,2.0
18.048,2.0
18.052,2.0
18.056,2.0
18.06,2.0
18.064,2.0
18.068,2.0
18.072,2.0
18.076,2.0
18.08,2.0
18.084,2.0
18.088,2.0
18.092,2.0
18.096,2.0
18.1,2.0
18.104,2.0
18.108,2.0
18.112,2.0
18.116,2.0
18.12,2.0
18.124,2.0
18.128,2.0
18.132,2.0
18.136,2.0
18.14,2.0
18.144,2.0
18.148,2.0
18.152,2.0
18.156,2.0
18.16,2.0
18.164,2.0
18.168,2.0
18.172,2.0
18.176,2.0
18.18,2.0
18.184,2.0
18.188,2.0
18.192,2.0
18.196,2.0
18.2,2.0
18.204,2.0
18.208,2.0
18.212,2.0
18.216,2.0
18.22,2.0
18.224,2.0
18.228,2.0
18.232,2.0
18.236,2.0
18.24,2.0
18.244,2.0
18.248,2.0
18.252,2.0
18.256,2.0
18.26,2.0
18.264,2.0
18.268,2.0
18.272,2.0
18.276,2.0
18.28,2.0
18.284,2.0
18.288,2.0
18.292,2.0
18.296,2.0
18.3,2.0
18.304,2.0
18.308,2.0
18.312,2.0
18.316,2.0
18.32,2.0
18.324,2.0
18.328,2.0
18.332,2.0
18.336,2.0
18.34,2.0
18.344,2.0
18.348,2.0
18.352,2.0
18.356,2.0
18.36,2.0
18.364,2.0
18.368,2.0
18.372,2.0
18.376,2.0
18.38,2.0
18.384,2.0
18.388,2.0
18.392,2.0
18.396,2.0
18.4,2.0
18.404,2.0
18.408,2.0
18.412,2.0
18.416,2.0
18.42,2.0
18.424,2.0
18.428,2.0
18.432,2.0
18.436,2.0
18.44,2.0
18.444,2.0
18.448,2.0
18.452,2.0
18.456,2.0
18.46,2.0
18.464,2.0
18.468,2.0
18.472,2.0
18.476,2.0
18.48,2.0
18.484,2.0
18.488,2.0
18.492,2.0
18.496,2.0
18.5,2.0
18.504,2.0
18.508,2.0
18.512,2.0
18.516,2.0
18.52,2.0
18.524,2.0
18.528,2.0
18.532,2.0
18.536,2.0
18.54,2.0
18.544,2.0
18.548,2.0
18.552,2.0
18.556,2.0
18.56,2.0
18.564,2.0
18.568,2.0
18.572,2.0
18.576,2.0
18.58,2.0
18.584,2.0
18.588,2.0
18.592,2.0
18.596,2.0
18.6,2.0
18.604,2.0
18.608,2.0
18.612,2.0
18.616,2.0
18.62,2.0
18.624,2.0
18.628,2.0
18.632,2.0
18.636,2.0
18.64,2.0
18.644,2.0
18.648,2.0
18.652,2.0
18.656,2.0
18.66,2.0
18.664,2.0
18.668,2.0
18.672,2.0
18.676,2.0
18.68,2.0
18.684,2.0
18.688,2.0
18.692,2.0
18.696,2.0
18.7,2.0
18.704,2.0
18.708,2.0
18.712,2.0
18.716,2.0
18.72,2.0
18.724,2.0
18.728,2.0
18.732,2.0
18.736,2.0
18.74,2.0
18.744,2.0
18.748,2.0
18.752,2.0
18.756,2.0
18.76,2.0
18.764,2.0
18.768,2.0
18.772,2.0
18.776,2.0
18.78,2.0
18.784,2.0
18.788,2.0
18.792,2.0
18.796,2.0
18.8,2.0
18.804,2.0
18.808,2.0
18.812,2.0
18.816,2.0
18.82,2.0
18.824,2.0
18.828,2.0
18.832,2.0
18.836,2.0
18.84,2.0
18.844,2.0
18.848,2.0
18.852,2.0
18.856,2.0
18.86,2.0
18.864,2.0
18.868,2.0
18.872,2.0
18.876,2.0
18.88,2.0
18.884,2.0
18.888,2.0
18.892,2.0
18.896,2.0
18.9,2.0
18.904,2.0
18.908,2.0
18.912,2.0
18.916,2.0
18.92,2.0
18.924,2.0
18.928,2.0
18.932,2.0
18.936,2.0
18.94,2.0
18.944,2.0
18.948,2.0
18.952,2.0
18.956,2.0
18.96,2.0
18.964,2.0
18.968,2.0
18.972,2.0
18.976,2.0
18.98,2.0
18.984,2.0
18.988,2.0
18.992,2.0
18.996,2.0
19.0,2.0
19.004,2.0
19.008,2.0
19.012,2.0
19.016,2.0
19.02,2.0
19.024,2.0
19.028,2.0
19.032,2.0
19.036,2.0
19.04,2.0
19.044,2.0
19.048,2.0
19.052,2.0
19.056,2.0
19.06,2.0
19.064,2.0
19.068,2.0
19.072,2.0
19.076,2.0
19.08,2.0
19.084,2.0
19.088,2.0
19.092,2.0
19.096,2.0
19.1,2.0
19.104,2.0
19.108,2.0
19.112,2.0
19.116,2.0
19.12,2.0
19.124,2.0
19.128,2.0
19.132,2.0
19.136,2.0
19.14,2.0
19.144,2.0
19.148,2.0
19.152,2.0
19.156,2.0
19.16,2.0
19.164,2.0
19.168,2.0
19.172,2.0
19.176,2.0
19.18,2.0
19.184,2.0
19.188,2.0
19.192,2.0
19.196,2.0
19.2,2.0
19.204,2.0
19.208,2.0
19.212,2.0
19.216,2.0
19.22,2.0
19.224,2.0
19.228,2.0
19.232,2.0
19.236,2.0
19.24,2.0
19.244,2.0
19.248,2.0
19.252,2.0
19.256,2.0
19.26,2.0
19.264,2.0
19.268,2.0
19.272,2.0
19.276,2.0
19.28,2.0
19.284,2.0
19.288,2.0
19.292,2.0
19.296,2.0
19.3,2.0
19.304,2.0
19.308,2.0
19.312,2.0
19.316,2.0
19.32,2.0
19.324,2.0
19.328,2.0
19.332,2.0
19.336,2.0
19.34,2.0
19.344,2.0
19.348,2.0
19.352,2.0
19.356,2.0
19.36,2.0
19.364,2.0
19.368,2.0
19.372,2.0
19.376,2.0
19.38,2.0
19.384,2.0
19.388,2.0
19.392,2.0
19.396,2.0
19.4,2.0
19.404,2.0
19.408,2.0
19.412,2.0
19.416,2.0
19.42,2.0
19.424,2.0
19.428,2.0
19.432,2.0
19.436,2.0
19.44,2.0
19.444,2.0
19.448,2.0
19.452,2.0
19.456,2.0
19.46,2.0
19.464,2.0
19.468,2.0
19.472,2.0
19.476,2.0
19.48,2.0
19.484,2.0
19.488,2.0
19.492,2.0
19.496,2.0
19.5,2.0
19.504,2.0
19.508,2.0
19.512,2.0
19.516,2.0
19.52,2.0
19.524,2.0
19.528,2.0
19.532,2.0
19.536,2.0
19.54,2.0
19.544,2.0
19.548,2.0
19.552,2.0
19.556,2.0
19.56,2.0
19.564,2.0
19.568,2.0
19.572,2.0
19.576,2.0
19.58,2.0
19.584,2.0
19.588,2.0
19.592,2.0
19.596,2.0
19.6,2.0
19.604,2.0
19.608,2.0
19.612,2.0
19.616,2.0
19.62,2.0
19.624,2.0
19.628,2.0
19.632,2.0
19.636,2.0
19.64,2.0
19.644,2.0
19.648,2.0
19.652,2.0
19.656,2.0
19.66,2.0
19.664,2.0
19.668,2.0
19.672,2.0
19.676,2.0
19.68,2.0
19.684,2.0
19.688,2.0
19.692,2.0
19.696,2.0
19.7,2.0
19.704,2.0
19.708,2.0
19.712,2.0
19.716,2.0
19.72,2.0
19.724,2.0
19.728,2.0
19.732,2.0
19.736,2.0
19.74,2.0
19.744,2.0
19.748,2.0
19.752,2.0
19.756,2.0
19.76,2.0
19.764,2.0
19.768,2.0
19.772,2.0
19.776,2.0
19.78,2.0
19.784,2.0
19.788,2.0
19.792,2.0
19.796,2.0
19.8,2.0
19.804,2.0
19.808,2.0
19.812,2.0
19.816,2.0
19.82,2.0
19.824,2.0
19.828,2.0
19.832,2.0
19.836,2.0
19.84,2.0
19.844,2.0
19.848,2.0
19.852,2.0
19.856,2.0
19.86,2.0
19.864,2.0
19.868,2.0
19.872,2.0
19.876,2.0
19.88,2.0
19.884,2.0
19.888,2.0
19.892,2.0
19.896,2.0
19.9,2.0
19.904,2.0
19.908,2.0
19.912,2.0
19.916,2.0
19.92,2.0
19.924,2.0
19.928,2.0
19.932,2.0
19.936,2.0
19.94,2.0
19.944,2.0
19.948,2.0
19.952,2.0
19.956,2.0
19.96,2.0
19.964,2.0
19.968,2.0
19.972,2.0
19.976,2.0
19.98,2.0
19.984,2.0
19.988,2.0
19.992,2.0
19.996,2.0
20.0,2.0
20.004,2.0
20.008,2.0
20.012,2.0
20.016,2.0
20.02,2.0
20.024,2.0
20.028,2.0
20.032,2.0
20.036,2.0
20.04,2.0
20.044,2.0
20.048,2.0
20.052,2.0
20.056,2.0
20.06,2.0
20.064,2.0
20.068,2.0
20.072,2.0
20.076,2.0
20.08,2.0
20.084,2.0
20.088,2.0
20.092,2.0
20.096,2.0
20.1,2.0
20.104,2.0
20.108,2.0
20.112,2.0
20.116,2.0
20.12,2.0
20.124,2.0
20.128,2.0
20.132,2.0
20.136,2.0
20.14,2.0
20.144,2.0
20.148,2.0
20.152,2.0
20.156,2.0
20.16,2.0
20.164,2.0
20.168,2.0
20.172,2.0
20.176,2.0
20.18,2.0
20.184,2.0
20.188,2.0
20.192,2.0
20.196,2.0
20.2,2.0
20.204,2.0
20.208,2.0
20.212,2.0
20.216,2.0
20.22,2.0
20.224,2.0
20.228,2.0
20.232,2.0
20.236,2.0
20.24,2.0
20.244,2.0
20.248,2.0
20.252,2.0
20.256,2.0
20.26,2.0
20.264,2.0
20.268,2.0
20.272,2.0
20.276,2.0
20.28,2.0
20.284,2.0
20.288,2.0
20.292,2.0
20.296,2.0
20.3,2.0
20.304,2.0
20.308,2.0
20.312,2.0
20.316,2.0
20.32,2.0
20.324,2.0
20.328,2.0
20.332,2.0
20.336,2.0
20.34,2.0
20.344,2.0
20.348,2.0
20.352,2.0
20.356,2.0
20.36,2.0
20.364,2.0
20.368,2.0
20.372,2.0
20.376,2.0
20.38,2.0
20.384,2.0
20.388,2.0
20.392,2.0
20.396,2.0
20.4,2.0
20.404,2.0
20.408,2.0
20.412,2.0
20.416,2.0
20.42,2.0
20.424,2.0
20.428,2.0
20.432,2.0
20.436,2.0
20.44,2.0
20.444,2.0
20.448,2.0
20.452,2.0
20.456,2.0
20.46,2.0
20.464,2.0
20.468,2.0
20.472,2.0
20.476,2.0
20.48,2.0
20.484,2.0
20.488,2.0
20.492,2.0
20.496,2.0
20.5,2.0
20.504,2.0
20.508,2.0
20.512,2.0
20.516,2.0
20.52,2.0
20.524,2.0
20.528,2.0
20.532,2.0
20.536,2.0
20.54,2.0
20.544,2.0
20.548,2.0
20.552,2.0
20.556,2.0
20.56,2.0
20.564,2.0
20.568,2.0
20.572,2.0
20.576,2.0
20.58,2.0
20.584,2.0
20.588,2.0
20.592,2.0
20.596,2.0
20.6,2.0
20.604,2.0
20.608,2.0
20.612,2.0
20.616,2.0
20.62,2.0
20.624,2.0
20.628,2.0
20.632,2.0
20.636,2.0
20.64,2.0
20.644,2.0
20.648,2.0
20.652,2.0
20.656,2.0
20.66,2.0
20.664,2.0
20.668,2.0
20.672,2.0
20.676,2.0
20.68,2.0
20.684,2.0
20.688,2.0
20.692,2.0
20.696,2.0
20.7,2.0
20.704,2.0
20.708,2.0
20.712,2.0
20.716,2.0
20.72,2.0
20.724,2.0
20.728,2.0
20.732,2.0
20.736,2.0
20.74,2.0
20.744,2.0
20.748,2.0
20.752,2.0
20.756,2.0
20.76,2.0
20.764,2.0
20.768,2.0
20.772,2.0
20.776,2.0
20.78,2.0
20.784,2.0
20.788,2.0
20.792,2.0
20.796,2.0
20.8,2.0
20.804,2.0
20.808,2.0
20.812,2.0
20.816,2.0
20.82,2.0
20.824,2.0
20.828,2.0
20.832,2.0
20.836,2.0
20.84,2.0
20.844,2.0
20.848,2.0
20.852,2.0
20.856,2.0
20.86,2.0
20.864,2.0
20.868,2.0
20.872,2.0
20.876,2.0
20.88,2.0
20.884,2.0
20.888,2.0
20.892,2.0
20.896,2.0
20.9,2.0
20.904,2.0
20.908,2.0
20.912,2.0
20.916,2.0
20.92,2.0
20.924,2.0
20.928,2.0
20.932,2.0
20.936,2.0
20.94,2.0
20.944,2.0
20.948,2.0
20.952,2.0
20.956,2.0
20.96,2.0
20.964,2.0
20.968,2.0
20.972,2.0
20.976,2.0
20.98,2.0
20.984,2.0
20.988,2.0
20.992,2.0
20.996,2.0
21.0,2.0
21.004,2.0
21.008,2.0
21.012,2.0
21.016,2.0
21.02,2.0
21.024,2.0
21.028,2.0
21.032,2.0
21.036,2.0
21.04,2.0
21.044,2.0
21.048,2.0
21.052,2.0
21.056,2.0
21.06,2.0
21.064,2.0
21.068,2.0
21.072,2.0
21.076,2.0
21.08,2.0
21.084,2.0
21.088,2.0
21.092,2.0
21.096,2.0
21.1,2.0
21.104,2.0
21.108,2.0
21.112,2.0
21.116,2.0
21.12,2.0
21.124,2.0
21.128,2.0
21.132,2.0
21.136,2.0
21.14,2.0
21.144,2.0
21.148,2.0
21.152,2.0
21.156,2.0
21.16,2.0
21.164,2.0
21.168,2.0
21.172,2.0
21.176,2.0
21.18,2.0
21.184,2.0
21.188,2.0
21.192,2.0
21.196,2.0
21.2,2.0
21.204,2.0
21.208,2.0
21.212,2.0
21.216,2.0
21.22,2.0
21.224,2.0
21.228,2.0
21.232,2.0
21.236,2.0
21.24,2.0
21.244,2.0
21.248,2.0
21.252,2.0
21.256,2.0
21.26,2.0
21.264,2.0
21.268,2.0
21.272,2.0
21.276,2.0
21.28,2.0
21.284,2.0
21.288,2.0
21.292,2.0
21.296,2.0
21.3,2.0
21.304,2.0
21.308,2.0
21.312,2.0
21.316,2.0
21.32,2.0
21.324,2.0
21.328,2.0
21.332,2.0
21.336,2.0
21.34,2.0
21.344,2.0
21.348,2.0
21.352,2.0
21.356,2.0
21.36,2.0
21.364,2.0
21.368,2.0
21.372,2.0
21.376,2.0
21.38,2.0
21.384,2.0
21.388,2.0
21.392,2.0
21.396,2.0
21.4,2.0
21.404,2.0
21.408,2.0
21.412,2.0
21.416,2.0
21.42,2.0
21.424,2.0
21.428,2.0
21.432,2.0
21.436,2.0
21.44,2.0
21.444,2.0
21.448,2.0
21.452,2.0
21.456,2.0
21.46,2.0
21.464,2.0
21.468,2.0
21.472,2.0
21.476,2.0
21.48,2.0
21.484,2.0
21.488,2.0
21.492,2.0
21.496,2.0
21.5,2.0
21.504,2.0
21.508,2.0
21.512,2.0
21.516,2.0
21.52,2.0
21.524,2.0
21.528,2.0
21.532,2.0
21.536,2.0
21.54,2.0
21.544,2.0
21.548,2.0
21.552,2.0
21.556,2.0
21.56,2.0
21.564,2.0
21.568,2.0
21.572,2.0
21.576,2.0
21.58,2.0
21.584,2.0
21.588,2.0
21.592,2.0
21.596,2.0
21.6,2.0
21.604,2.0
21.608,2.0
21.612,2.0
21.616,2.0
21.62,2.0
21.624,2.0
21.628,2.0
21.632,2.0
21.636,2.0
21.64,2.0
21.644,2.0
21.648,2.0
21.652,2.0
21.656,2.0
21.66,2.0
21.664,2.0
21.668,2.0
21.672,2.0
21.676,2.0
21.68,2.0
21.684,2.0
21.688,2.0
21.692,2.0
21.696,2.0
21.7,2.0
21.704,2.0
21.708,2.0
21.712,2.0
21.716,2.0
21.72,2.0
21.724,2.0
21.728,2.0
21.732,2.0
21.736,2.0
21.74,2.0
21.744,2.0
21.748,2.0
21.752,2.0
21.756,2.0
21.76,2.0
21.764,2.0
21.768,2.0
21.772,2.0
21.776,2.0
21.78,2.0
21.784,2.0
21.788,2.0
21.792,2.0
21.796,2.0
21.8,2.0
21.804,2.0
21.808,2.0
21.812,2.0
21.816,2.0
21.82,2.0
21.824,2.0
21.828,2.0
21.832,2.0
21.836,2.0
21.84,2.0
21.844,2.0
21.848,2.0
21.852,2.0
21.856,2.0
21.86,2.0
21.864,2.0
21.868,2.0
21.872,2.0
21.876,2.0
21.88,2.0
21.884,2.0
21.888,2.0
21.892,2.0
21.896,2.0
21.9,2.0
21.904,2.0
21.908,2.0
21.912,2.0
21.916,2.0
21.92,2.0
21.924,2.0
21.928,2.0
21.932,2.0
21.936,2.0
21.94,2.0
21.944,2.0
21.948,2.0
21.952,2.0
21.956,2.0
21.96,2.0
21.964,2.0
21.968,2.0
21.972,2.0
21.976,2.0
21.98,2.0
21.984,2.0
21.988,2.0
21.992,2.0
21.996,2.0
22.0,2.0
22.004,2.0
22.008,2.0
22.012,2.0
22.016,2.0
22.02,2.0
22.024,2.0
22.028,2.0
22.032,2.0
22.036,2.0
22.04,2.0
22.044,2.0
22.048,2.0
22.052,2.0
22.056,2.0
22.06,2.0
22.064,2.0
22.068,2.0
22.072,2.0
22.076,2.0
22.08,2.0
22.084,2.0
22.088,2.0
22.092,2.0
22.096,2.0
22.1,2.0
22.104,2.0
22.108,2.0
22.112,2.0
22.116,2.0
22.12,2.0
22.124,2.0
22.128,2.0
22.132,2.0
22.136,2.0
22.14,2.0
22.144,2.0
22.148,2.0
22.152,2.0
22.156,2.0
22.16,2.0
22.164,2.0
22.168,2.0
22.172,2.0
22.176,2.0
22.18,2.0
22.184,2.0
22.188,2.0
22.192,2.0
22.196,2.0
22.2,2.0
22.204,2.0
22.208,2.0
22.212,2.0
22.216,2.0
22.22,2.0
22.224,2.0
22.228,2.0
22.232,2.0
22.236,2.0
22.24,2.0
22.244,2.0
22.248,2.0
22.252,2.0
22.256,2.0
22.26,2.0
22.264,2.0
22.268,2.0
22.272,2.0
22.276,2.0
22.28,2.0
22.284,2.0
22.288,2.0
22.292,2.0
22.296,2.0
22.3,2.0
22.304,2.0
22.308,2.0
22.312,2.0
22.316,2.0
22.32,2.0
22.324,2.0
22.328,2.0
22.332,2.0
22.336,2.0
22.34,2.0
22.344,2.0
22.348,2.0
22.352,2.0
22.356,2.0
22.36,2.0
22.364,2.0
22.368,2.0
22.372,2.0
22.376,2.0
22.38,2.0
22.384,2.0
22.388,2.0
22.392,2.0
22.396,2.0
22.4,2.0
22.404,2.0
22.408,2.0
22.412,2.0
22.416,2.0
22.42,2.0
22.424,2.0
22.428,2.0
22.432,2.0
22.436,2.0
22.44,2.0
22.444,2.0
22.448,2.0
22.452,2.0
22.456,2.0
22.46,2.0
22.464,2.0
22.468,2.0
22.472,2.0
22.476,2.0
22.48,2.0
22.484,2.0
22.488,2.0
22.492,2.0
22.496,2.0
22.5,2.0
22.504,2.0
22.508,2.0
22.512,2.0
22.516,2.0
22.52,2.0
22.524,2.0
22.528,2.0
22.532,2.0
22.536,2.0
22.54,2.0
22.544,2.0
22.548,2.0
22.552,2.0
22.556,2.0
22.56,2.0
22.564,2.0
22.568,2.0
22.572,2.0
22.576,2.0
22.58,2.0
22.584,2.0
22.588,2.0
22.592,2.0
22.596,2.0
22.6,2.0
22.604,2.0
22.608,2.0
22.612,2.0
22.616,2.0
22.62,2.0
22.624,2.0
22.628,2.0
22.632,2.0
22.636,2.0
22.64,2.0
22.644,2.0
22.648,2.0
22.652,2.0
22.656,2.0
22.66,2.0
22.664,2.0
22.668,2.0
22.672,2.0
22.676,2.0
22.68,2.0
22.684,2.0
22.688,2.0
22.692,2.0
22.696,2.0
22.7,2.0
22.704,2.0
22.708,2.0
22.712,2.0
22.716,2.0
22.72,2.0
22.724,2.0
22.728,2.0
22.732,2.0
22.736,2.0
22.74,2.0
22.744,2.0
22.748,2.0
22.752,2.0
22.756,2.0
22.76,2.0
22.764,2.0
22.768,2.0
22.772,2.0
22.776,2.0
22.78,2.0
22.784,2.0
22.788,2.0
22.792,2.0
22.796,2.0
22.8,2.0
22.804,2.0
22.808,2.0
22.812,2.0
22.816,2.0
22.82,2.0
22.824,2.0
22.828,2.0
22.832,2.0
22.836,2.0
22.84,2.0
22.844,2.0
22.848,2.0
22.852,2.0
22.856,2.0
22.86,2.0
22.864,2.0
22.868,2.0
22.872,2.0
22.876,2.0
22.88,2.0
22.884,2.0
22.888,2.0
22.892,2.0
22.896,2.0
22.9,2.0
22.904,2.0
22.908,2.0
22.912,2.0
22.916,2.0
22.92,2.0
22.924,2.0
22.928,2.0
22.932,2.0
22.936,2.0
22.94,2.0
22.944,2.0
22.948,2.0
22.952,2.0
22.956,2.0
22.96,2.0
22.964,2.0
22.968,2.0
22.972,2.0
22.976,2.0
22.98,2.0
22.984,2.0
22.988,2.0
22.992,2.0
22.996,2.0
23.0,2.0
23.004,2.0
23.008,2.0
23.012,2.0
23.016,2.0
23.02,2.0
23.024,2.0
23.028,2.0
23.032,2.0
23.036,2.0
23.04,2.0
23.044,2.0
23.048,2.0
23.052,2.0
23.056,2.0
23.06,2.0
23.064,2.0
23.068,2.0
23.072,2.0
23.076,2.0
23.08,2.0
23.084,2.0
23.088,2.0
23.092,2.0
23.096,2.0
23.1,2.0
23.104,2.0
23.108,2.0
23.112,2.0
23.116,2.0
23.12,2.0
23.124,2.0
23.128,2.0
23.132,2.0
23.136,2.0
23.14,2.0
23.144,2.0
23.148,2.0
23.152,2.0
23.156,2.0
23.16,2.0
23.164,2.0
23.168,2.0
23.172,2.0
23.176,2.0
23.18,2.0
23.184,2.0
23.188,2.0
23.192,2.0
23.196,2.0
23.2,2.0
23.204,2.0
23.208,2.0
23.212,2.0
23.216,2.0
23.22,2.0
23.224,2.0
23.228,2.0
23.232,2.0
23.236,2.0
23.24,2.0
23.244,2.0
23.248,2.0
23.252,2.0
23.256,2.0
23.26,2.0
23.264,2.0
23.268,2.0
23.272,2.0
23.276,2.0
23.28,2.0
23.284,2.0
23.288,2.0
23.292,2.0
23.296,2.0
23.3,2.0
23.304,2.0
23.308,2.0
23.312,2.0
23.316,2.0
23.32,2.0
23.324,2.0
23.328,2.0
23.332,2.0
23.336,2.0
23.34,2.0
23.344,2.0
23.348,2.0
23.352,2.0
23.356,2.0
23.36,2.0
23.364,2.0
23.368,2.0
23.372,2.0
23.376,2.0
23.38,2.0
23.384,2.0
23.388,2.0
23.392,2.0
23.396,2.0
23.4,2.0
23.404,2.0
23.408,2.0
23.412,2.0
23.416,2.0
23.42,2.0
23.424,2.0
23.428,2.0
23.432,2.0
23.436,2.0
23.44,2.0
23.444,2.0
23.448,2.0
23.452,2.0
23.456,2.0
23.46,2.0
23.464,2.0
23.468,2.0
23.472,2.0
23.476,2.0
23.48,2.0
23.484,2.0
23.488,2.0
23.492,2.0
23.496,2.0
23.5,2.0
23.504,2.0
23.508,2.0
23.512,2.0
23.516,2.0
23.52,2.0
23.524,2.0
23.528,2.0
23.532,2.0
23.536,2.0
23.54,2.0
23.544,2.0
23.548,2.0
23.552,2.0
23.556,2.0
23.56,2.0
23.564,2.0
23.568,2.0
23.572,2.0
23.576,2.0
23.58,2.0
23.584,2.0
23.588,2.0
23.592,2.0
23.596,2.0
23.6,2.0
23.604,2.0
23.608,2.0
23.612,2.0
23.616,2.0
23.62,2.0
23.624,2.0
23.628,2.0
23.632,2.0
23.636,2.0
23.64,2.0
23.644,2.0
23.648,2.0
23.652,2.0
23.656,2.0
23.66,2.0
23.664,2.0
23.668,2.0
23.672,2.0
23.676,2.0
23.68,2.0
23.684,2.0
23.688,2.0
23.692,2.0
23.696,2.0
23.7,2.0
23.704,2.0
23.708,2.0
23.712,2.0
23.716,2.0
23.72,2.0
23.724,2.0
23.728,2.0
23.732,2.0
23.736,2.0
23.74,2.0
23.744,2.0
23.748,2.0
23.752,2.0
23.756,2.0
23.76,2.0
23.764,2.0
23.768,2.0
23.772,2.0
23.776,2.0
23.78,2.0
23.784,2.0
23.788,2.0
23.792,2.0
23.796,2.0
23.8,2.0
23.804,2.0
23.808,2.0
23.812,2.0
23.816,2.0
23.82,2.0
23.824,2.0
23.828,2.0
23.832,2.0
23.836,2.0
23.84,2.0
23.844,2.0
23.848,2.0
23.852,2.0
23.856,2.0
23.86,2.0
23.864,2.0
23.868,2.0
23.872,2.0
23.876,2.0
23.88,2.0
23.884,2.0
23.888,2.0
23.892,2.0
23.896,2.0
23.9,2.0
23.904,2.0
23.908,2.0
23.912,2.0
23.916,2.0
23.92,2.0
23.924,2.0
23.928,2.0
23.932,2.0
23.936,2.0
23.94,2.0
23.944,2.0
23.948,2.0
23.952,2.0
23.956,2.0
23.96,2.0
23.964,2.0
23.968,2.0
23.972,2.0
23.976,2.0
23.98,2.0
23.984,2.0
23.988,2.0
23.992,2.0
23.996,2.0
24.0,2.0
24.004,2.0
24.008,2.0
24.012,2.0
24.016,2.0
24.02,2.0
24.024,2.0
24.028,2.0
24.032,2.0
24.036,2.0
24.04,2.0
24.044,2.0
24.048,2.0
24.052,2.0
24.056,2.0
24.06,2.0
24.064,2.0
24.068,2.0
24.072,2.0
24.076,2.0
24.08,2.0
24.084,2.0
24.088,2.0
24.092,2.0
24.096,2.0
24.1,2.0
24.104,2.0
24.108,2.0
24.112,2.0
24.116,2.0
24.12,2.0
24.124,2.0
24.128,2.0
24.132,2.0
24.136,2.0
24.14,2.0
24.144,2.0
24.148,2.0
24.152,2.0
24.156,2.0
24.16,2.0
24.164,2.0
24.168,2.0
24.172,2.0
24.176,2.0
24.18,2.0
24.184,2.0
24.188,2.0
24.192,2.0
24.196,2.0
24.2,2.0
24.204,2.0
24.208,2.0
24.212,2.0
24.216,2.0
24.22,2.0
24.224,2.0
24.228,2.0
24.232,2.0
24.236,2.0
24.24,2.0
24.244,2.0
24.248,2.0
24.252,2.0
24.256,2.0
24.26,2.0
24.264,2.0
24.268,2.0
24.272,2.0
24.276,2.0
24.28,2.0
24.284,2.0
24.288,2.0
24.292,2.0
24.296,2.0
24.3,2.0
24.304,2.0
24.308,2.0
24.312,2.0
24.316,2.0
24.32,2.0
24.324,2.0
24.328,2.0
24.332,2.0
24.336,2.0
24.34,2.0
24.344,2.0
24.348,2.0
24.352,2.0
24.356,2.0
24.36,2.0
24.364,2.0
24.368,2.0
24.372,2.0
24.376,2.0
24.38,2.0
24.384,2.0
24.388,2.0
24.392,2.0
24.396,2.0
24.4,2.0
24.404,2.0
24.408,2.0
24.412,2.0
24.416,2.0
24.42,2.0
24.424,2.0
24.428,2.0
24.432,2.0
24.436,2.0
24.44,2.0
24.444,2.0
24.448,2.0
24.452,2.0
24.456,2.0
24.46,2.0
24.464,2.0
24.468,2.0
24.472,2.0
24.476,2.0
24.48,2.0
24.484,2.0
24.488,2.0
24.492,2.0
24.496,2.0
24.5,2.0
24.504,2.0
24.508,2.0
24.512,2.0
24.516,2.0
24.52,2.0
24.524,2.0
24.528,2.0
24.532,2.0
24.536,2.0
24.54,2.0
24.544,2.0
24.548,2.0
24.552,2.0
24.556,2.0
24.56,2.0
24.564,2.0
24.568,2.0
24.572,2.0
24.576,2.0
24.58,2.0
24.584,2.0
24.588,2.0
24.592,2.0
24.596,2.0
24.6,2.0
24.604,2.0
24.608,2.0
24.612,2.0
24.616,2.0
24.62,2.0
24.624,2.0
24.628,2.0
24.632,2.0
24.636,2.0
24.64,2.0
24.644,2.0
24.648,2.0
24.652,2.0
24.656,2.0
24.66,2.0
24.664,2.0
24.668,2.0
24.672,2.0
24.676,2.0
24.68,2.0
24.684,2.0
24.688,2.0
24.692,2.0
24.696,2.0
24.7,2.0
24.704,2.0
24.708,2.0
24.712,2.0
24.716,2.0
24.72,2.0
24.724,2.0
24.728,2.0
24.732,2.0
24.736,2.0
24.74,2.0
24.744,2.0
24.748,2.0
24.752,2.0
24.756,2.0
24.76,2.0
24.764,2.0
24.768,2.0
24.772,2.0
24.776,2.0
24.78,2.0
24.784,2.0
24.788,2.0
24.792,2.0
24.796,2.0
24.8,2.0
24.804,2.0
24.808,2.0
24.812,2.0
24.816,2.0
24.82,2.0
24.824,2.0
24.828,2.0
24.832,2.0
24.836,2.0
24.84,2.0
24.844,2.0
24.848,2.0
24.852,2.0
24.856,2.0
24.86,2.0
24.864,2.0
24.868,2.0
24.872,2.0
24.876,2.0
24.88,2.0
24.884,2.0
24.888,2.0
24.892,2.0
24.896,2.0
24.9,2.0
24.904,2.0
24.908,2.0
24.912,2.0
24.916,2.0
24.92,2.0
24.924,2.0
24.928,2.0
24.932,2.0
24.936,2.0
24.94,2.0
24.944,2.0
24.948,2.0
24.952,2.0
24.956,2.0
24.96,2.0
24.964,2.0
24.968,2.0
24.972,2.0
24.976,2.0
24.98,2.0
24.984,2.0
24.988,2.0
24.992,2.0
24.996,2.0
25.0,2.0
25.004,2.0
25.008,2.0
25.012,2.0
25.016,2.0
25.02,2.0
25.024,2.0
25.028,2.0
25.032,2.0
25.036,2.0
25.04,2.0
25.044,2.0
25.048,2.0
25.052,2.0
25.056,2.0
25.06,2.0
25.064,2.0
25.068,2.0
25.072,2.0
25.076,2.0
25.08,2.0
25.084,2.0
25.088,2.0
25.092,2.0
25.096,2.0
25.1,2.0
25.104,2.0
25.108,2.0
25.112,2.0
25.116,2.0
25.12,2.0
25.124,2.0
25.128,2.0
25.132,2.0
25.136,2.0
25.14,2.0
25.144,2.0
25.148,2.0
25.152,2.0
25.156,2.0
25.16,2.0
25.164,2.0
25.168,2.0
25.172,2.0
25.176,2.0
25.18,2.0
25.184,2.0
25.188,2.0
25.192,2.0
25.196,2.0
25.2,2.0
25.204,2.0
25.208,2.0
25.212,2.0
25.216,2.0
25.22,2.0
25.224,2.0
25.228,2.0
25.232,2.0
25.236,2.0
25.24,2.0
25.244,2.0
25.248,2.0
25.252,2.0
25.256,2.0
25.26,2.0
25.264,2.0
25.268,2.0
25.272,2.0
25.276,2.0
25.28,2.0
25.284,2.0
25.288,2.0
25.292,2.0
25.296,2.0
25.3,2.0
25.304,2.0
25.308,2.0
25.312,2.0
25.316,2.0
25.32,2.0
25.324,2.0
25.328,2.0
25.332,2.0
25.336,2.0
25.34,2.0
25.344,2.0
25.348,2.0
25.352,2.0
25.356,2.0
25.36,2.0
25.364,2.0
25.368,2.0
25.372,2.0
25.376,2.0
25.38,2.0
25.384,2.0
25.388,2.0
25.392,2.0
25.396,2.0
25.4,2.0
25.404,2.0
25.408,2.0
25.412,2.0
25.416,2.0
25.42,2.0
25.424,2.0
25.428,2.0
25.432,2.0
25.436,2.0
25.44,2.0
25.444,2.0
25.448,2.0
25.452,2.0
25.456,2.0
25.46,2.0
25.464,2.0
25.468,2.0
25.472,2.0
25.476,2.0
25.48,2.0
25.484,2.0
25.488,2.0
25.492,2.0
25.496,2.0
25.5,2.0
25.504,2.0
25.508,2.0
25.512,2.0
25.516,2.0
25.52,2.0
25.524,2.0
25.528,2.0
25.532,2.0
25.536,2.0
25.54,2.0
25.544,2.0
25.548,2.0
25.552,2.0
25.556,2.0
25.56,2.0
25.564,2.0
25.568,2.0
25.572,2.0
25.576,2.0
25.58,2.0
25.584,2.0
25.588,2.0
25.592,2.0
25.596,2.0
25.6,2.0
25.604,2.0
25.608,2.0
25.612,2.0
25.616,2.0
25.62,2.0
25.624,2.0
25.628,2.0
25.632,2.0
25.636,2.0
25.64,2.0
25.644,2.0
25.648,2.0
25.652,2.0
25.656,2.0
25.66,2.0
25.664,2.0
25.668,2.0
25.672,2.0
25.676,2.0
25.68,2.0
25.684,2.0
25.688,2.0
25.692,2.0
25.696,2.0
25.7,2.0
25.704,2.0
25.708,2.0
25.712,2.0
25.716,2.0
25.72,2.0
25.724,2.0
25.728,2.0
25.732,2.0
25.736,2.0
25.74,2.0
25.744,2.0
25.748,2.0
25.752,2.0
25.756,2.0
25.76,2.0
25.764,2.0
25.768,2.0
25.772,2.0
25.776,2.0
25.78,2.0
25.784,2.0
25.788,2.0
25.792,2.0
25.796,2.0
25.8,2.0
25.804,2.0
25.808,2.0
25.812,2.0
25.816,2.0
25.82,2.0
25.824,2.0
25.828,2.0
25.832,2.0
25.836,2.0
25.84,2.0
25.844,2.0
25.848,2.0
25.852,2.0
25.856,2.0
25.86,2.0
25.864,2.0
25.868,2.0
25.872,2.0
25.876,2.0
25.88,2.0
25.884,2.0
25.888,2.0
25.892,2.0
25.896,2.0
25.9,2.0
25.904,2.0
25.908,2.0
25.912,2.0
25.916,2.0
25.92,2.0
25.924,2.0
25.928,2.0
25.932,2.0
25.936,2.0
25.94,2.0
25.944,2.0
25.948,2.0
25.952,2.0
25.956,2.0
25.96,2.0
25.964,2.0
25.968,2.0
25.972,2.0
25.976,2.0
25.98,2.0
25.984,2.0
25.988,2.0
25.992,2.0
25.996,2.0
26.0,2.0
26.004,2.0
26.008,2.0
26.012,2.0
26.016,2.0
26.02,2.0
26.024,2.0
26.028,2.0
26.032,2.0
26.036,2.0
26.04,2.0
26.044,2.0
26.048,2.0
26.052,2.0
26.056,2.0
26.06,2.0
26.064,2.0
26.068,2.0
26.072,2.0
26.076,2.0
26.08,2.0
26.084,2.0
26.088,2.0
26.092,2.0
26.096,2.0
26.1,2.0
26.104,2.0
26.108,2.0
26.112,2.0
26.116,2.0
26.12,2.0
26.124,2.0
26.128,2.0
26.132,2.0
26.136,2.0
26.14,2.0
26.144,2.0
26.148,2.0
26.152,2.0
26.156,2.0
26.16,2.0
26.164,2.0
26.168,2.0
26.172,2.0
26.176,2.0
26.18,2.0
26.184,2.0
26.188,2.0
26.192,2.0
26.196,2.0
26.2,2.0
26.204,2.0
26.208,2.0
26.212,2.0
26.216,2.0
26.22,2.0
26.224,2.0
26.228,2.0
26.232,2.0
26.236,2.0
26.24,2.0
26.244,2.0
26.248,2.0
26.252,2.0
26.256,2.0
26.26,2.0
26.264,2.0
26.268,2.0
26.272,2.0
26.276,2.0
26.28,2.0
26.284,2.0
26.288,2.0
26.292,2.0
26.296,2.0
26.3,2.0
26.304,2.0
26.308,2.0
26.312,2.0
26.316,2.0
26.32,2.0
26.324,2.0
26.328,2.0
26.332,2.0
26.336,2.0
26.34,2.0
26.344,2.0
26.348,2.0
26.352,2.0
26.356,2.0
26.36,2.0
26.364,2.0
26.368,2.0
26.372,2.0
26.376,2.0
26.38,2.0
26.384,2.0
26.388,2.0
26.392,2.0
26.396,2.0
26.4,2.0
26.404,2.0
26.408,2.0
26.412,2.0
26.416,2.0
26.42,2.0
26.424,2.0
26.428,2.0
26.432,2.0
26.436,2.0
26.44,2.0
26.444,2.0
26.448,2.0
26.452,2.0
26.456,2.0
26.46,2.0
26.464,2.0
26.468,2.0
26.472,2.0
26.476,2.0
26.48,2.0
26.484,2.0
26.488,2.0
26.492,2.0
26.496,2.0
26.5,2.0
26.504,2.0
26.508,2.0
26.512,2.0
26.516,2.0
26.52,2.0
26.524,2.0
26.528,2.0
26.532,2.0
26.536,2.0
26.54,2.0
26.544,2.0
26.548,2.0
26.552,2.0
26.556,2.0
26.56,2.0
26.564,2.0
26.568,2.0
26.572,2.0
26.576,2.0
26.58,2.0
26.584,2.0
26.588,2.0
26.592,2.0
26.596,2.0
26.6,2.0
26.604,2.0
26.608,2.0
26.612,2.0
26.616,2.0
26.62,2.0
26.624,2.0
26.628,2.0
26.632,2.0
26.636,2.0
26.64,2.0
26.644,2.0
26.648,2.0
26.652,2.0
26.656,2.0
26.66,2.0
26.664,2.0
26.668,2.0
26.672,2.0
26.676,2.0
26.68,2.0
26.684,2.0
26.688,2.0
26.692,2.0
26.696,2.0
26.7,2.0
26.704,2.0
26.708,2.0
26.712,2.0
26.716,2.0
26.72,2.0
26.724,2.0
26.728,2.0
26.732,2.0
26.736,2.0
26.74,2.0
26.744,2.0
26.748,2.0
26.752,2.0
26.756,2.0
26.76,2.0
26.764,2.0
26.768,2.0
26.772,2.0
26.776,2.0
26.78,2.0
26.784,2.0
26.788,2.0
26.792,2.0
26.796,2.0
26.8,2.0
26.804,2.0
26.808,2.0
26.812,2.0
26.816,2.0
26.82,2.0
26.824,2.0
26.828,2.0
26.832,2.0
26.836,2.0
26.84,2.0
26.844,2.0
26.848,2.0
26.852,2.0
26.856,2.0
26.86,2.0
26.864,2.0
26.868,2.0
26.872,2.0
26.876,2.0
26.88,2.0
26.884,2.0
26.888,2.0
26.892,2.0
26.896,2.0
26.9,2.0
26.904,2.0
26.908,2.0
26.912,2.0
26.916,2.0
26.92,2.0
26.924,2.0
26.928,2.0
26.932,2.0
26.936,2.0
26.94,2.0
26.944,2.0
26.948,2.0
26.952,2.0
26.956,2.0
26.96,2.0
26.964,2.0
26.968,2.0
26.972,2.0
26.976,2.0
26.98,2.0
26.984,2.0
26.988,2.0
26.992,2.0
26.996,2.0
27.0,2.0
27.004,2.0
27.008,2.0
27.012,2.0
27.016,2.0
27.02,2.0
27.024,2.0
27.028,2.0
27.032,2.0
27.036,2.0
27.04,2.0
27.044,2.0
27.048,2.0
27.052,2.0
27.056,2.0
27.06,2.0
27.064,2.0
27.068,2.0
27.072,2.0
27.076,2.0
27.08,2.0
27.084,2.0
27.088,2.0
27.092,2.0
27.096,2.0
27.1,2.0
27.104,2.0
27.108,2.0
27.112,2.0
27.116,2.0
27.12,2.0
27.124,2.0
27.128,2.0
27.132,2.0
27.136,2.0
27.14,2.0
27.144,2.0
27.148,2.0
27.152,2.0
27.156,2.0
27.16,2.0
27.164,2.0
27.168,2.0
27.172,2.0
27.176,2.0
27.18,2.0
27.184,2.0
27.188,2.0
27.192,2.0
27.196,2.0
27.2,2.0
27.204,2.0
27.208,2.0
27.212,2.0
27.216,2.0
27.22,2.0
27.224,2.0
27.228,2.0
27.232,2.0
27.236,2.0
27.24,2.0
27.244,2.0
27.248,2.0
27.252,2.0
27.256,2.0
27.26,2.0
27.264,2.0
27.268,2.0
27.272,2.0
27.276,2.0
27.28,2.0
27.284,2.0
27.288,2.0
27.292,2.0
27.296,2.0
27.3,2.0
27.304,2.0
27.308,2.0
27.312,2.0
27.316,2.0
27.32,2.0
27.324,2.0
27.328,2.0
27.332,2.0
27.336,2.0
27.34,2.0
27.344,2.0
27.348,2.0
27.352,2.0
27.356,2.0
27.36,2.0
27.364,2.0
27.368,2.0
27.372,2.0
27.376,2.0
27.38,2.0
27.384,2.0
27.388,2.0
27.392,2.0
27.396,2.0
27.4,2.0
27.404,2.0
27.408,2.0
27.412,2.0
27.416,2.0
27.42,2.0
27.424,2.0
27.428,2.0
27.432,2.0
27.436,2.0
27.44,2.0
27.444,2.0
27.448,2.0
27.452,2.0
27.456,2.0
27.46,2.0
27.464,2.0
27.468,2.0
27.472,2.0
27.476,2.0
27.48,2.0
27.484,2.0
27.488,2.0
27.492,2.0
27.496,2.0
27.5,2.0
27.504,2.0
27.508,2.0
27.512,2.0
27.516,2.0
27.52,2.0
27.524,2.0
27.528,2.0
27.532,2.0
27.536,2.0
27.54,2.0
27.544,2.0
27.548,2.0
27.552,2.0
27.556,2.0
27.56,2.0
27.564,2.0
27.568,2.0
27.572,2.0
27.576,2.0
27.58,2.0
27.584,2.0
27.588,2.0
27.592,2.0
27.596,2.0
27.6,2.0
27.604,2.0
27.608,2.0
27.612,2.0
27.616,2.0
27.62,2.0
27.624,2.0
27.628,2.0
27.632,2.0
27.636,2.0
27.64,2.0
27.644,2.0
27.648,2.0
27.652,2.0
27.656,2.0
27.66,2.0
27.664,2.0
27.668,2.0
27.672,2.0
27.676,2.0
27.68,2.0
27.684,2.0
27.688,2.0
27.692,2.0
27.696,2.0
27.7,2.0
27.704,2.0
27.708,2.0
27.712,2.0
27.716,2.0
27.72,2.0
27.724,2.0
27.728,2.0
27.732,2.0
27.736,2.0
27.74,2.0
27.744,2.0
27.748,2.0
27.752,2.0
27.756,2.0
27.76,2.0
27.764,2.0
27.768,2.0
27.772,2.0
27.776,2.0
27.78,2.0
27.784,2.0
27.788,2.0
27.792,2.0
27.796,2.0
27.8,2.0
27.804,2.0
27.808,2.0
27.812,2.0
27.816,2.0
27.82,2.0
27.824,2.0
27.828,2.0
27.832,2.0
27.836,2.0
27.84,2.0
27.844,2.0
27.848,2.0
27.852,2.0
27.856,2.0
27.86,2.0
27.864,2.0
27.868,2.0
27.872,2.0
27.876,2.0
27.88,2.0
27.884,2.0
27.888,2.0
27.892,2.0
27.896,2.0
27.9,2.0
27.904,2.0
27.908,2.0
27.912,2.0
27.916,2.0
27.92,2.0
27.924,2.0
27.928,2.0
27.932,2.0
27.936,2.0
27.94,2.0
27.944,2.0
27.948,2.0
27.952,2.0
27.956,2.0
27.96,2.0
27.964,2.0
27.968,2.0
27.972,2.0
27.976,2.0
27.98,2.0
27.984,2.0
27.988,2.0
27.992,2.0
27.996,2.0
28.0,2.0
28.004,2.0
28.008,2.0
28.012,2.0
28.016,2.0
28.02,2.0
28.024,2.0
28.028,2.0
28.032,2.0
28.036,2.0
28.04,2.0
28.044,2.0
28.048,2.0
28.052,2.0
28.056,2.0
28.06,2.0
28.064,2.0
28.068,2.0
28.072,2.0
28.076,2.0
28.08,2.0
28.084,2.0
28.088,2.0
28.092,2.0
28.096,2.0
28.1,2.0
28.104,2.0
28.108,2.0
28.112,2.0
28.116,2.0
28.12,2.0
28.124,2.0
28.128,2.0
28.132,2.0
28.136,2.0
28.14,2.0
28.144,2.0
28.148,2.0
28.152,2.0
28.156,2.0
28.16,2.0
28.164,2.0
28.168,2.0
28.172,2.0
28.176,2.0
28.18,2.0
28.184,2.0
28.188,2.0
28.192,2.0
28.196,2.0
28.2,2.0
28.204,2.0
28.208,2.0
28.212,2.0
28.216,2.0
28.22,2.0
28.224,2.0
28.228,2.0
28.232,2.0
28.236,2.0
28.24,2.0
28.244,2.0
28.248,2.0
28.252,2.0
28.256,2.0
28.26,2.0
28.264,2.0
28.268,2.0
28.272,2.0
28.276,2.0
28.28,2.0
28.284,2.0
28.288,2.0
28.292,2.0
28.296,2.0
28.3,2.0
28.304,2.0
28.308,2.0
28.312,2.0
28.316,2.0
28.32,2.0
28.324,2.0
28.328,2.0
28.332,2.0
28.336,2.0
28.34,2.0
28.344,2.0
28.348,2.0
28.352,2.0
28.356,2.0
28.36,2.0
28.364,2.0
28.368,2.0
28.372,2.0
28.376,2.0
28.38,2.0
28.384,2.0
28.388,2.0
28.392,2.0
28.396,2.0
28.4,2.0
28.404,2.0
28.408,2.0
28.412,2.0
28.416,2.0
28.42,2.0
28.424,2.0
28.428,2.0
28.432,2.0
28.436,2.0
28.44,2.0
28.444,2.0
28.448,2.0
28.452,2.0
28.456,2.0
28.46,2.0
28.464,2.0
28.468,2.0
28.472,2.0
28.476,2.0
28.48,2.0
28.484,2.0
28.488,2.0
28.492,2.0
28.496,2.0
28.5,2.0
28.504,2.0
28.508,2.0
28.512,2.0
28.516,2.0
28.52,2.0
28.524,2.0
28.528,2.0
28.532,2.0
28.536,2.0
28.54,2.0
28.544,2.0
28.548,2.0
28.552,2.0
28.556,2.0
28.56,2.0
28.564,2.0
28.568,2.0
28.572,2.0
28.576,2.0
28.58,2.0
28.584,2.0
28.588,2.0
28.592,2.0
28.596,2.0
28.6,2.0
28.604,2.0
28.608,2.0
28.612,2.0
28.616,2.0
28.62,2.0
28.624,2.0
28.628,2.0
28.632,2.0
28.636,2.0
28.64,2.0
28.644,2.0
28.648,2.0
28.652,2.0
28.656,2.0
28.66,2.0
28.664,2.0
28.668,2.0
28.672,2.0
28.676,2.0
28.68,2.0
28.684,2.0
28.688,2.0
28.692,2.0
28.696,2.0
28.7,2.0
28.704,2.0
28.708,2.0
28.712,2.0
28.716,2.0
28.72,2.0
28.724,2.0
28.728,2.0
28.732,2.0
28.736,2.0
28.74,2.0
28.744,2.0
28.748,2.0
28.752,2.0
28.756,2.0
28.76,2.0
28.764,2.0
28.768,2.0
28.772,2.0
28.776,2.0
28.78,2.0
28.784,2.0
28.788,2.0
28.792,2.0
28.796,2.0
28.8,2.0
28.804,2.0
28.808,2.0
28.812,2.0
28.816,2.0
28.82,2.0
28.824,2.0
28.828,2.0
28.832,2.0
28.836,2.0
28.84,2.0
28.844,2.0
28.848,2.0
28.852,2.0
28.856,2.0
28.86,2.0
28.864,2.0
28.868,2.0
28.872,2.0
28.876,2.0
28.88,2.0
28.884,2.0
28.888,2.0
28.892,2.0
28.896,2.0
28.9,2.0
28.904,2.0
28.908,2.0
28.912,2.0
28.916,2.0
28.92,2.0
28.924,2.0
28.928,2.0
28.932,2.0
28.936,2.0
28.94,2.0
28.944,2.0
28.948,2.0
28.952,2.0
28.956,2.0
28.96,2.0
28.964,2.0
28.968,2.0
28.972,2.0
28.976,2.0
28.98,2.0
28.984,2.0
28.988,2.0
28.992,2.0
28.996,2.0
29.0,2.0
29.004,2.0
29.008,2.0
29.012,2.0
29.016,2.0
29.02,2.0
29.024,2.0
29.028,2.0
29.032,2.0
29.036,2.0
29.04,2.0
29.044,2.0
29.048,2.0
29.052,2.0
29.056,2.0
29.06,2.0
29.064,2.0
29.068,2.0
29.072,2.0
29.076,2.0
29.08,2.0
29.084,2.0
29.088,2.0
29.092,2.0
29.096,2.0
29.1,2.0
29.104,2.0
29.108,2.0
29.112,2.0
29.116,2.0
29.12,2.0
29.124,2.0
29.128,2.0
29.132,2.0
29.136,2.0
29.14,2.0
29.144,2.0
29.148,2.0
29.152,2.0
29.156,2.0
29.16,2.0
29.164,2.0
29.168,2.0
29.172,2.0
29.176,2.0
29.18,2.0
29.184,2.0
29.188,2.0
29.192,2.0
29.196,2.0
29.2,2.0
29.204,2.0
29.208,2.0
29.212,2.0
29.216,2.0
29.22,2.0
29.224,2.0
29.228,2.0
29.232,2.0
29.236,2.0
29.24,2.0
29.244,2.0
29.248,2.0
29.252,2.0
29.256,2.0
29.26,2.0
29.264,2.0
29.268,2.0
29.272,2.0
29.276,2.0
29.28,2.0
29.284,2.0
29.288,2.0
29.292,2.0
29.296,2.0
29.3,2.0
29.304,2.0
29.308,2.0
29.312,2.0
29.316,2.0
29.32,2.0
29.324,2.0
29.328,2.0
29.332,2.0
29.336,2.0
29.34,2.0
29.344,2.0
29.348,2.0
29.352,2.0
29.356,2.0
29.36,2.0
29.364,2.0
29.368,2.0
29.372,2.0
29.376,2.0
29.38,2.0
29.384,2.0
29.388,2.0
29.392,2.0
29.396,2.0
29.4,2.0
29.404,2.0
29.408,2.0
29.412,2.0
29.416,2.0
29.42,2.0
29.424,2.0
29.428,2.0
29.432,2.0
29.436,2.0
29.44,2.0
29.444,2.0
29.448,2.0
29.452,2.0
29.456,2.0
29.46,2.0
29.464,2.0
29.468,2.0
29.472,2.0
29.476,2.0
29.48,2.0
29.484,2.0
29.488,2.0
29.492,2.0
29.496,2.0
29.5,2.0
29.504,2.0
29.508,2.0
29.512,2.0
29.516,2.0
29.52,2.0
29.524,2.0
29.528,2.0
29.532,2.0
29.536,2.0
29.54,2.0
29.544,2.0
29.548,2.0
29.552,2.0
29.556,2.0
29.56,2.0
29.564,2.0
29.568,2.0
29.572,2.0
29.576,2.0
29.58,2.0
29.584,2.0
29.588,2.0
29.592,2.0
29.596,2.0
29.6,2.0
29.604,2.0
29.608,2.0
29.612,2.0
29.616,2.0
29.62,2.0
29.624,2.0
29.628,2.0
29.632,2.0
29.636,2.0
29.64,2.0
29.644,2.0
29.648,2.0
29.652,2.0
29.656,2.0
29.66,2.0
29.664,2.0
29.668,2.0
29.672,2.0
29.676,2.0
29.68,2.0
29.684,2.0
29.688,2.0
29.692,2.0
29.696,2.0
29.7,2.0
29.704,2.0
29.708,2.0
29.712,2.0
29.716,2.0
29.72,2.0
29.724,2.0
29.728,2.0
29.732,2.0
29.736,2.0
29.74,2.0
29.744,2.0
29.748,2.0
29.752,2.0
29.756,2.0
29.76,2.0
29.764,2.0
29.768,2.0
29.772,2.0
29.776,2.0
29.78,2.0
29.784,2.0
29.788,2.0
29.792,2.0
29.796,2.0
29.8,2.0
29.804,2.0
29.808,2.0
29.812,2.0
29.816,2.0
29.82,2.0
29.824,2.0
29.828,2.0
29.832,2.0
29.836,2.0
29.84,2.0
29.844,2.0
29.848,2.0
29.852,2.0
29.856,2.0
29.86,2.0
29.864,2.0
29.868,2.0
29.872,2.0
29.876,2.0
29.88,2.0
29.884,2.0
29.888,2.0
29.892,2.0
29.896,2.0
29.9,2.0
29.904,2.0
29.908,2.0
29.912,2.0
29.916,2.0
29.92,2.0
29.924,2.0
29.928,2.0
29.932,2.0
29.936,2.0
29.94,2.0
29.944,2.0
29.948,2.0
29.952,2.0
29.956,2.0
29.96,2.0
29.964,2.0
29.968,2.0
29.972,2.0
29.976,2.0
29.98,2.0
29.984,2.0
29.988,2.0
29.992,2.0
29.996,2.0
30.0,2.0
30.004,2.0
30.008,2.0
30.012,2.0
30.016,2.0
30.02,2.0
30.024,2.0
30.028,2.0
30.032,2.0
30.036,2.0
30.04,2.0
30.044,2.0
30.048,2.0
30.052,2.0
30.056,2.0
30.06,2.0
30.064,2.0
30.068,2.0
30.072,2.0
30.076,2.0
30.08,2.0
30.084,2.0
30.088,2.0
30.092,2.0
30.096,2.0
30.1,2.0
30.104,2.0
30.108,2.0
30.112,2.0
30.116,2.0
30.12,2.0
30.124,2.0
30.128,2.0
30.132,2.0
30.136,2.0
30.14,2.0
30.144,2.0
30.148,2.0
30.152,2.0
30.156,2.0
30.16,2.0
30.164,2.0
30.168,2.0
30.172,2.0
30.176,2.0
30.18,2.0
30.184,2.0
30.188,2.0
30.192,2.0
30.196,2.0
30.2,2.0
30.204,2.0
30.208,2.0
30.212,2.0
30.216,2.0
30.22,2.0
30.224,2.0
30.228,2.0
30.232,2.0
30.236,2.0
30.24,2.0
30.244,2.0
30.248,2.0
30.252,2.0
30.256,2.0
30.26,2.0
30.264,2.0
30.268,2.0
30.272,2.0
30.276,2.0
30.28,2.0
30.284,2.0
30.288,2.0
30.292,2.0
30.296,2.0
30.3,2.0
30.304,2.0
30.308,2.0
30.312,2.0
30.316,2.0
30.32,2.0
30.324,2.0
30.328,2.0
30.332,2.0
30.336,2.0
30.34,2.0
30.344,2.0
30.348,2.0
30.352,2.0
30.356,2.0
30.36,2.0
30.364,2.0
30.368,2.0
30.372,2.0
30.376,2.0
30.38,2.0
30.384,2.0
30.388,2.0
30.392,2.0
30.396,2.0
30.4,2.0
30.404,2.0
30.408,2.0
30.412,2.0
30.416,2.0
30.42,2.0
30.424,2.0
30.428,2.0
30.432,2.0
30.436,2.0
30.44,2.0
30.444,2.0
30.448,2.0
30.452,2.0
30.456,2.0
30.46,2.0
30.464,2.0
30.468,2.0
30.472,2.0
30.476,2.0
30.48,2.0
30.484,2.0
30.488,2.0
30.492,2.0
30.496,2.0
30.5,2.0
30.504,2.0
30.508,2.0
30.512,2.0
30.516,2.0
30.52,2.0
30.524,2.0
30.528,2.0
30.532,2.0
30.536,2.0
30.54,2.0
30.544,2.0
30.548,2.0
30.552,2.0
30.556,2.0
30.56,2.0
30.564,2.0
30.568,2.0
30.572,2.0
30.576,2.0
30.58,2.0
30.584,2.0
30.588,2.0
30.592,2.0
30.596,2.0
30.6,2.0
30.604,2.0
30.608,2.0
30.612,2.0
30.616,2.0
30.62,2.0
30.624,2.0
30.628,2.0
30.632,2.0
30.636,2.0
30.64,2.0
30.644,2.0
30.648,2.0
30.652,2.0
30.656,2.0
30.66,2.0
30.664,2.0
30.668,2.0
30.672,2.0
30.676,2.0
30.68,2.0
30.684,2.0
30.688,2.0
30.692,2.0
30.696,2.0
30.7,2.0
30.704,2.0
30.708,2.0
30.712,2.0
30.716,2.0
30.72,2.0
30.724,2.0
30.728,2.0
30.732,2.0
30.736,2.0
30.74,2.0
30.744,2.0
30.748,2.0
30.752,2.0
30.756,2.0
30.76,2.0
30.764,2.0
30.768,2.0
30.772,2.0
30.776,2.0
30.78,2.0
30.784,2.0
30.788,2.0
30.792,2.0
30.796,2.0
30.8,2.0
30.804,2.0
30.808,2.0
30.812,2.0
30.816,2.0
30.82,2.0
30.824,2.0
30.828,2.0
30.832,2.0
30.836,2.0
30.84,2.0
30.844,2.0
30.848,2.0
30.852,2.0
30.856,2.0
30.86,2.0
30.864,2.0
30.868,2.0
30.872,2.0
30.876,2.0
30.88,2.0
30.884,2.0
30.888,2.0
30.892,2.0
30.896,2.0
30.9,2.0
30.904,2.0
30.908,2.0
30.912,2.0
30.916,2.0
30.92,2.0
30.924,2.0
30.928,2.0
30.932,2.0
30.936,2.0
30.94,2.0
30.944,2.0
30.948,2.0
30.952,2.0
30.956,2.0
30.96,2.0
30.964,2.0
30.968,2.0
30.972,2.0
30.976,2.0
30.98,2.0
30.984,2.0
30.988,2.0
30.992,2.0
30.996,2.0
31.0,2.0
31.004,2.0
31.008,2.0
31.012,2.0
31.016,2.0
31.02,2.0
31.024,2.0
31.028,2.0
31.032,2.0
31.036,2.0
31.04,2.0
31.044,2.0
31.048,2.0
31.052,2.0
31.056,2.0
31.06,2.0
31.064,2.0
31.068,2.0
31.072,2.0
31.076,2.0
31.08,2.0
31.084,2.0
31.088,2.0
31.092,2.0
31.096,2.0
31.1,2.0
31.104,2.0
31.108,2.0
31.112,2.0
31.116,2.0
31.12,2.0
31.124,2.0
31.128,2.0
31.132,2.0
31.136,2.0
31.14,2.0
31.144,2.0
31.148,2.0
31.152,2.0
31.156,2.0
31.16,2.0
31.164,2.0
31.168,2.0
31.172,2.0
31.176,2.0
31.18,2.0
31.184,2.0
31.188,2.0
31.192,2.0
31.196,2.0
31.2,2.0
31.204,2.0
31.208,2.0
31.212,2.0
31.216,2.0
31.22,2.0
31.224,2.0
31.228,2.0
31.232,2.0
31.236,2.0
31.24,2.0
31.244,2.0
31.248,2.0
31.252,2.0
31.256,2.0
31.26,2.0
31.264,2.0
31.268,2.0
31.272,2.0
31.276,2.0
31.28,2.0
31.284,2.0
31.288,2.0
31.292,2.0
31.296,2.0
31.3,2.0
31.304,2.0
31.308,2.0
31.312,2.0
31.316,2.0
31.32,2.0
31.324,2.0
31.328,2.0
31.332,2.0
31.336,2.0
31.34,2.0
31.344,2.0
31.348,2.0
31.352,2.0
31.356,2.0
31.36,2.0
31.364,2.0
31.368,2.0
31.372,2.0
31.376,2.0
31.38,2.0
31.384,2.0
31.388,2.0
31.392,2.0
31.396,2.0
31.4,2.0
31.404,2.0
31.408,2.0
31.412,2.0
31.416,2.0
31.42,2.0
31.424,2.0
31.428,2.0
31.432,2.0
31.436,2.0
31.44,2.0
31.444,2.0
31.448,2.0
31.452,2.0
31.456,2.0
31.46,2.0
31.464,2.0
31.468,2.0
31.472,2.0
31.476,2.0
31.48,2.0
31.484,2.0
31.488,2.0
31.492,2.0
31.496,2.0
31.5,2.0
31.504,2.0
31.508,2.0
31.512,2.0
31.516,2.0
31.52,2.0
31.524,2.0
31.528,2.0
31.532,2.0
31.536,2.0
31.54,2.0
31.544,2.0
31.548,2.0
31.552,2.0
31.556,2.0
31.56,2.0
31.564,2.0
31.568,2.0
31.572,2.0
31.576,2.0
31.58,2.0
31.584,2.0
31.588,2.0
31.592,2.0
31.596,2.0
31.6,2.0
31.604,2.0
31.608,2.0
31.612,2.0
31.616,2.0
31.62,2.0
31.624,2.0
31.628,2.0
31.632,2.0
31.636,2.0
31.64,2.0
31.644,2.0
31.648,2.0
31.652,2.0
31.656,2.0
31.66,2.0
31.664,2.0
31.668,2.0
31.672,2.0
31.676,2.0
31.68,2.0
31.684,2.0
31.688,2.0
31.692,2.0
31.696,2.0
31.7,2.0
31.704,2.0
31.708,2.0
31.712,2.0
31.716,2.0
31.72,2.0
31.724,2.0
31.728,2.0
31.732,2.0
31.736,2.0
31.74,2.0
31.744,2.0
31.748,2.0
31.752,2.0
31.756,2.0
31.76,2.0
31.764,2.0
31.768,2.0
31.772,2.0
31.776,2.0
31.78,2.0
31.784,2.0
31.788,2.0
31.792,2.0
31.796,2.0
31.8,2.0
31.804,2.0
31.808,2.0
31.812,2.0
31.816,2.0
31.82,2.0
31.824,2.0
31.828,2.0
31.832,2.0
31.836,2.0
31.84,2.0
31.844,2.0
31.848,2.0
31.852,2.0
31.856,2.0
31.86,2.0
31.864,2.0
31.868,2.0
31.872,2.0
31.876,2.0
31.88,2.0
31.884,2.0
31.888,2.0
31.892,2.0
31.896,2.0
31.9,2.0
31.904,2.0
31.908,2.0
31.912,2.0
31.916,2.0
31.92,2.0
31.924,2.0
31.928,2.0
31.932,2.0
31.936,2.0
31.94,2.0
31.944,2.0
31.948,2.0
31.952,2.0
31.956,2.0
31.96,2.0
31.964,2.0
31.968,2.0
31.972,2.0
31.976,2.0
31.98,2.0
31.984,2.0
31.988,2.0
31.992,2.0
31.996,2.0
32.0,2.0
32.004,2.0
